-- phpMyAdmin SQL Dump
-- version 4.8.3
-- https://www.phpmyadmin.net/
--
-- Host: 127.0.0.1
-- Generation Time: Oct 11, 2018 at 08:35 AM
-- Server version: 10.1.35-MariaDB
-- PHP Version: 7.2.9

SET SQL_MODE = "NO_AUTO_VALUE_ON_ZERO";
SET AUTOCOMMIT = 0;
START TRANSACTION;
SET time_zone = "+00:00";


/*!40101 SET @OLD_CHARACTER_SET_CLIENT=@@CHARACTER_SET_CLIENT */;
/*!40101 SET @OLD_CHARACTER_SET_RESULTS=@@CHARACTER_SET_RESULTS */;
/*!40101 SET @OLD_COLLATION_CONNECTION=@@COLLATION_CONNECTION */;
/*!40101 SET NAMES utf8mb4 */;

--
-- Database: `sale_record`
--

-- --------------------------------------------------------

--
-- Table structure for table `order_stock`
--

CREATE TABLE `order_stock` (
  `orders_stock_id` int(11) NOT NULL,
  `product_id` int(11) NOT NULL,
  `quantity` int(11) NOT NULL,
  `total` float NOT NULL,
  `orders_stock_status` enum('Pending','Processing','Completed') NOT NULL
) ENGINE=InnoDB DEFAULT CHARSET=latin1;

--
-- Dumping data for table `order_stock`
--

INSERT INTO `order_stock` (`orders_stock_id`, `product_id`, `quantity`, `total`, `orders_stock_status`) VALUES
(34, 1000001, 100, 3799, 'Pending'),
(35, 1000001, 100, 3799, 'Pending'),
(36, 1000004, 25, 374.75, 'Pending'),
(37, 1000001, 12, 455.88, 'Pending');

-- --------------------------------------------------------

--
-- Table structure for table `product`
--

CREATE TABLE `product` (
  `product_id` int(11) NOT NULL,
  `product_name` varchar(255) NOT NULL,
  `price` float NOT NULL
) ENGINE=InnoDB DEFAULT CHARSET=latin1;

--
-- Dumping data for table `product`
--

INSERT INTO `product` (`product_id`, `product_name`, `price`) VALUES
(1000001, 'Ultiboost High Strength Cranberry 90 Capsules', 37.99),
(1000002, 'Glucosamine Sulfate 1500mg', 29.99),
(1000003, 'Ultiboost Grape Seed', 24.99),
(1000004, 'Calcium + Vitamin D 150 Tablets', 14.99),
(1000005, 'Omega3 Fish Oil Trio 180 Capsules ', 34.99),
(1000006, 'Panamax 500mg 100 Tablets ', 1.99),
(1000007, 'Men\'s Ultivite 120 Tablets ', 35.49),
(1000008, 'Vitamin C 500mg 300 Tablets', 12.99),
(1000009, 'Vitamin D3 1000IU 300 Capsules', 24.99),
(1000010, 'Rapid Paracetamol Pain Relief Caplets 500mg 20 ', 4.69);

-- --------------------------------------------------------

--
-- Table structure for table `sale`
--

CREATE TABLE `sale` (
  `sale_id` int(11) NOT NULL,
  `sale_date` date NOT NULL,
  `sale_name` varchar(255) NOT NULL,
  `quantity` int(5) NOT NULL,
  `discount` float NOT NULL,
  `payment_type` enum('Credit Card','Cash','Eftpos') NOT NULL,
  `payment_status` enum('Pending','Processing','Completed') NOT NULL,
  `total` float NOT NULL,
  `product_id` int(11) NOT NULL
) ENGINE=InnoDB DEFAULT CHARSET=latin1;

--
-- Dumping data for table `sale`
--

INSERT INTO `sale` (`sale_id`, `sale_date`, `sale_name`, `quantity`, `discount`, `payment_type`, `payment_status`, `total`, `product_id`) VALUES
(1485, '2018-01-01', 'James Johnson', 3, 0, 'Eftpos', 'Completed', 38.97, 1000008),
(1486, '2018-01-01', 'Michael Smith', 5, 0, 'Cash', 'Completed', 174.95, 1000005),
(1487, '2018-01-01', 'Michael Smith', 1, 0, 'Credit Card', 'Completed', 37.99, 1000001),
(1488, '2018-01-01', 'Michael Smith', 5, 0, 'Eftpos', 'Completed', 124.95, 1000009),
(1489, '2018-01-02', 'James Johnson', 5, 0, 'Cash', 'Completed', 177.45, 1000007),
(1490, '2018-01-02', 'James Johnson', 2, 0, 'Eftpos', 'Completed', 70.98, 1000007),
(1491, '2018-01-03', 'Michael Smith', 1, 0, 'Eftpos', 'Completed', 4.69, 1000010),
(1492, '2018-01-03', 'Michael Smith', 2, 0, 'Cash', 'Completed', 49.98, 1000009),
(1493, '2018-01-04', 'Sam William', 3, 0, 'Cash', 'Completed', 113.97, 1000001),
(1494, '2018-01-04', 'Sam William', 3, 0, 'Credit Card', 'Completed', 14.07, 1000010),
(1495, '2018-01-05', 'James Johnson', 5, 0, 'Credit Card', 'Completed', 149.95, 1000002),
(1496, '2018-01-05', 'James Johnson', 3, 0, 'Eftpos', 'Completed', 38.97, 1000008),
(1497, '2018-01-06', 'James Johnson', 3, 0, 'Eftpos', 'Completed', 44.97, 1000004),
(1498, '2018-01-06', 'James Johnson', 1, 0, 'Cash', 'Completed', 24.99, 1000003),
(1499, '2018-01-06', 'James Johnson', 3, 0, 'Eftpos', 'Completed', 104.97, 1000005),
(1500, '2018-01-06', 'Sam William', 5, 0, 'Cash', 'Completed', 174.95, 1000005),
(1501, '2018-01-07', 'Sam William', 1, 0, 'Eftpos', 'Completed', 1.99, 1000006),
(1502, '2018-01-07', 'Sam William', 1, 0, 'Eftpos', 'Completed', 1.99, 1000006),
(1503, '2018-01-07', 'James Johnson', 2, 0, 'Credit Card', 'Completed', 29.98, 1000004),
(1504, '2018-01-08', 'James Johnson', 4, 0, 'Credit Card', 'Completed', 59.96, 1000004),
(1505, '2018-01-08', 'Michael Smith', 4, 0, 'Credit Card', 'Completed', 139.96, 1000005),
(1506, '2018-01-08', 'Sam William', 1, 0, 'Credit Card', 'Completed', 14.99, 1000004),
(1507, '2018-01-09', 'James Johnson', 2, 0, 'Cash', 'Completed', 75.98, 1000001),
(1508, '2018-01-09', 'Michael Smith', 3, 0, 'Eftpos', 'Completed', 38.97, 1000008),
(1509, '2018-01-10', 'Sam William', 5, 0, 'Cash', 'Completed', 149.95, 1000002),
(1510, '2018-01-10', 'Sam William', 2, 0, 'Cash', 'Completed', 70.98, 1000007),
(1511, '2018-01-10', 'Sam William', 4, 0, 'Credit Card', 'Completed', 7.96, 1000006),
(1512, '2018-01-11', 'James Johnson', 5, 0, 'Eftpos', 'Completed', 124.95, 1000003),
(1513, '2018-01-11', 'James Johnson', 4, 0, 'Eftpos', 'Completed', 51.96, 1000008),
(1514, '2018-01-12', 'Sam William', 5, 0, 'Eftpos', 'Completed', 174.95, 1000005),
(1515, '2018-01-12', 'Michael Smith', 3, 0, 'Cash', 'Completed', 5.97, 1000006),
(1516, '2018-01-12', 'James Johnson', 2, 0, 'Credit Card', 'Completed', 49.98, 1000003),
(1517, '2018-01-12', 'Sam William', 2, 0, 'Credit Card', 'Completed', 25.98, 1000008),
(1518, '2018-01-13', 'James Johnson', 3, 0, 'Cash', 'Completed', 113.97, 1000001),
(1519, '2018-01-13', 'Michael Smith', 5, 0, 'Eftpos', 'Completed', 177.45, 1000007),
(1520, '2018-01-13', 'Sam William', 3, 0, 'Eftpos', 'Completed', 5.97, 1000006),
(1521, '2018-01-13', 'Sam William', 3, 0, 'Credit Card', 'Completed', 106.47, 1000007),
(1522, '2018-01-14', 'James Johnson', 3, 0, 'Credit Card', 'Completed', 14.07, 1000010),
(1523, '2018-01-14', 'Sam William', 3, 0, 'Cash', 'Completed', 74.97, 1000009),
(1524, '2018-01-15', 'Sam William', 2, 0, 'Eftpos', 'Completed', 3.98, 1000006),
(1525, '2018-01-15', 'James Johnson', 3, 0, 'Cash', 'Completed', 106.47, 1000007),
(1526, '2018-01-15', 'Sam William', 2, 0, 'Credit Card', 'Completed', 69.98, 1000005),
(1527, '2018-01-15', 'Michael Smith', 3, 0, 'Credit Card', 'Completed', 14.07, 1000010),
(1528, '2018-01-16', 'Sam William', 4, 0, 'Cash', 'Completed', 139.96, 1000005),
(1529, '2018-01-16', 'Sam William', 1, 0, 'Cash', 'Completed', 24.99, 1000003),
(1530, '2018-01-16', 'Sam William', 2, 0, 'Credit Card', 'Completed', 49.98, 1000003),
(1531, '2018-01-17', 'Michael Smith', 2, 0, 'Eftpos', 'Completed', 70.98, 1000007),
(1532, '2018-01-17', 'Sam William', 1, 0, 'Credit Card', 'Completed', 35.49, 1000007),
(1533, '2018-01-17', 'Michael Smith', 3, 0, 'Credit Card', 'Completed', 104.97, 1000005),
(1534, '2018-01-17', 'Michael Smith', 5, 0, 'Eftpos', 'Completed', 124.95, 1000009),
(1535, '2018-01-18', 'Michael Smith', 1, 0, 'Eftpos', 'Completed', 34.99, 1000005),
(1536, '2018-01-18', 'James Johnson', 5, 0, 'Cash', 'Completed', 64.95, 1000008),
(1537, '2018-01-18', 'Sam William', 3, 0, 'Cash', 'Completed', 74.97, 1000003),
(1538, '2018-01-19', 'James Johnson', 2, 0, 'Eftpos', 'Completed', 9.38, 1000010),
(1539, '2018-01-19', 'Sam William', 5, 0, 'Eftpos', 'Completed', 189.95, 1000001),
(1540, '2018-01-19', 'Sam William', 4, 0, 'Eftpos', 'Completed', 151.96, 1000001),
(1541, '2018-01-20', 'James Johnson', 3, 0, 'Cash', 'Completed', 106.47, 1000007),
(1542, '2018-01-20', 'James Johnson', 3, 0, 'Eftpos', 'Completed', 106.47, 1000007),
(1543, '2018-01-20', 'Sam William', 1, 0, 'Credit Card', 'Completed', 35.49, 1000007),
(1544, '2018-01-20', 'Sam William', 1, 0, 'Credit Card', 'Completed', 4.69, 1000010),
(1545, '2018-01-21', 'Michael Smith', 2, 0, 'Cash', 'Completed', 9.38, 1000010),
(1546, '2018-01-21', 'Michael Smith', 3, 0, 'Eftpos', 'Completed', 14.07, 1000010),
(1547, '2018-01-22', 'Sam William', 2, 0, 'Credit Card', 'Completed', 75.98, 1000001),
(1548, '2018-01-22', 'James Johnson', 5, 0, 'Credit Card', 'Completed', 64.95, 1000008),
(1549, '2018-01-22', 'Sam William', 1, 0, 'Cash', 'Completed', 37.99, 1000001),
(1550, '2018-01-22', 'Michael Smith', 5, 0, 'Credit Card', 'Completed', 64.95, 1000008),
(1551, '2018-01-23', 'Michael Smith', 1, 0, 'Eftpos', 'Completed', 12.99, 1000008),
(1552, '2018-01-23', 'James Johnson', 1, 0, 'Eftpos', 'Completed', 29.99, 1000002),
(1553, '2018-01-23', 'James Johnson', 3, 0, 'Cash', 'Completed', 106.47, 1000007),
(1554, '2018-01-24', 'Sam William', 3, 0, 'Eftpos', 'Completed', 113.97, 1000001),
(1555, '2018-01-24', 'Michael Smith', 3, 0, 'Cash', 'Completed', 74.97, 1000009),
(1556, '2018-01-25', 'James Johnson', 1, 0, 'Cash', 'Completed', 35.49, 1000007),
(1557, '2018-01-25', 'Michael Smith', 1, 0, 'Credit Card', 'Completed', 4.69, 1000010),
(1558, '2018-01-26', 'James Johnson', 4, 0, 'Eftpos', 'Completed', 151.96, 1000001),
(1559, '2018-01-26', 'James Johnson', 5, 0, 'Credit Card', 'Completed', 74.95, 1000004),
(1560, '2018-01-26', 'Michael Smith', 3, 0, 'Cash', 'Completed', 106.47, 1000007),
(1561, '2018-01-27', 'Sam William', 2, 0, 'Cash', 'Completed', 70.98, 1000007),
(1562, '2018-01-27', 'James Johnson', 5, 0, 'Cash', 'Completed', 149.95, 1000002),
(1563, '2018-01-27', 'Sam William', 1, 0, 'Eftpos', 'Completed', 34.99, 1000005),
(1564, '2018-01-27', 'Michael Smith', 4, 0, 'Cash', 'Completed', 119.96, 1000002),
(1565, '2018-01-28', 'Michael Smith', 3, 0, 'Cash', 'Completed', 74.97, 1000003),
(1566, '2018-01-28', 'Sam William', 4, 0, 'Credit Card', 'Completed', 141.96, 1000007),
(1567, '2018-01-29', 'Sam William', 4, 0, 'Cash', 'Completed', 18.76, 1000010),
(1568, '2018-01-29', 'James Johnson', 1, 0, 'Credit Card', 'Completed', 35.49, 1000007),
(1569, '2018-01-29', 'Michael Smith', 5, 0, 'Cash', 'Completed', 124.95, 1000003),
(1570, '2018-01-29', 'Michael Smith', 3, 0, 'Cash', 'Completed', 113.97, 1000001),
(1571, '2018-01-30', 'James Johnson', 2, 0, 'Eftpos', 'Completed', 29.98, 1000004),
(1572, '2018-01-30', 'Sam William', 4, 0, 'Cash', 'Completed', 18.76, 1000010),
(1573, '2018-01-30', 'Michael Smith', 5, 0, 'Credit Card', 'Completed', 64.95, 1000008),
(1574, '2018-01-30', 'James Johnson', 4, 0, 'Cash', 'Completed', 119.96, 1000002),
(1575, '2018-01-31', 'Sam William', 5, 0, 'Cash', 'Completed', 124.95, 1000003),
(1576, '2018-01-31', 'Sam William', 4, 0, 'Eftpos', 'Completed', 7.96, 1000006),
(1577, '2018-01-31', 'Sam William', 5, 0, 'Cash', 'Completed', 177.45, 1000007),
(1578, '2018-01-31', 'Sam William', 2, 0, 'Eftpos', 'Completed', 3.98, 1000006),
(1579, '2018-02-01', 'Michael Smith', 3, 0, 'Eftpos', 'Completed', 74.97, 1000009),
(1580, '2018-02-01', 'Michael Smith', 3, 0, 'Eftpos', 'Completed', 104.97, 1000005),
(1581, '2018-02-01', 'James Johnson', 2, 0, 'Cash', 'Completed', 29.98, 1000004),
(1582, '2018-02-01', 'Michael Smith', 2, 0, 'Eftpos', 'Completed', 75.98, 1000001),
(1583, '2018-02-02', 'Michael Smith', 2, 0, 'Cash', 'Completed', 49.98, 1000009),
(1584, '2018-02-02', 'Michael Smith', 1, 0, 'Cash', 'Completed', 35.49, 1000007),
(1585, '2018-02-02', 'Sam William', 5, 0, 'Eftpos', 'Completed', 149.95, 1000002),
(1586, '2018-02-02', 'James Johnson', 1, 0, 'Eftpos', 'Completed', 35.49, 1000007),
(1587, '2018-02-03', 'Michael Smith', 1, 0, 'Credit Card', 'Completed', 12.99, 1000008),
(1588, '2018-02-03', 'Sam William', 2, 0, 'Eftpos', 'Completed', 49.98, 1000003),
(1589, '2018-02-03', 'Michael Smith', 2, 0, 'Cash', 'Completed', 75.98, 1000001),
(1590, '2018-02-03', 'James Johnson', 2, 0, 'Credit Card', 'Completed', 75.98, 1000001),
(1591, '2018-02-04', 'Michael Smith', 4, 0, 'Cash', 'Completed', 119.96, 1000002),
(1592, '2018-02-04', 'James Johnson', 3, 0, 'Cash', 'Completed', 44.97, 1000004),
(1593, '2018-02-04', 'Michael Smith', 3, 0, 'Credit Card', 'Completed', 106.47, 1000007),
(1594, '2018-02-05', 'Michael Smith', 1, 0, 'Cash', 'Completed', 1.99, 1000006),
(1595, '2018-02-05', 'Michael Smith', 1, 0, 'Eftpos', 'Completed', 1.99, 1000006),
(1596, '2018-02-05', 'Sam William', 3, 0, 'Eftpos', 'Completed', 104.97, 1000005),
(1597, '2018-02-05', 'James Johnson', 1, 0, 'Eftpos', 'Completed', 1.99, 1000006),
(1598, '2018-02-06', 'Sam William', 1, 0, 'Eftpos', 'Completed', 14.99, 1000004),
(1599, '2018-02-06', 'James Johnson', 5, 0, 'Credit Card', 'Completed', 64.95, 1000008),
(1600, '2018-02-06', 'Sam William', 1, 0, 'Cash', 'Completed', 24.99, 1000003),
(1601, '2018-02-07', 'James Johnson', 4, 0, 'Cash', 'Completed', 59.96, 1000004),
(1602, '2018-02-07', 'Michael Smith', 4, 0, 'Cash', 'Completed', 59.96, 1000004),
(1603, '2018-02-07', 'Michael Smith', 1, 0, 'Cash', 'Completed', 34.99, 1000005),
(1604, '2018-02-07', 'Sam William', 5, 0, 'Cash', 'Completed', 174.95, 1000005),
(1605, '2018-02-08', 'Sam William', 3, 0, 'Cash', 'Completed', 5.97, 1000006),
(1606, '2018-02-08', 'Sam William', 2, 0, 'Eftpos', 'Completed', 49.98, 1000009),
(1607, '2018-02-08', 'Michael Smith', 2, 0, 'Cash', 'Completed', 49.98, 1000003),
(1608, '2018-02-08', 'Michael Smith', 2, 0, 'Eftpos', 'Completed', 29.98, 1000004),
(1609, '2018-02-09', 'Michael Smith', 5, 0, 'Credit Card', 'Completed', 124.95, 1000003),
(1610, '2018-02-09', 'James Johnson', 3, 0, 'Credit Card', 'Completed', 44.97, 1000004),
(1611, '2018-02-09', 'James Johnson', 4, 0, 'Cash', 'Completed', 99.96, 1000003),
(1612, '2018-02-09', 'James Johnson', 4, 0, 'Eftpos', 'Completed', 51.96, 1000008),
(1613, '2018-02-10', 'James Johnson', 2, 0, 'Credit Card', 'Completed', 25.98, 1000008),
(1614, '2018-02-10', 'James Johnson', 4, 0, 'Eftpos', 'Completed', 99.96, 1000003),
(1615, '2018-02-10', 'Michael Smith', 3, 0, 'Eftpos', 'Completed', 14.07, 1000010),
(1616, '2018-02-10', 'James Johnson', 3, 0, 'Eftpos', 'Completed', 44.97, 1000004),
(1617, '2018-02-11', 'Michael Smith', 5, 0, 'Eftpos', 'Completed', 174.95, 1000005),
(1618, '2018-02-11', 'Michael Smith', 5, 0, 'Cash', 'Completed', 174.95, 1000005),
(1619, '2018-02-11', 'Sam William', 1, 0, 'Cash', 'Completed', 35.49, 1000007),
(1620, '2018-02-11', 'James Johnson', 2, 0, 'Cash', 'Completed', 49.98, 1000009),
(1621, '2018-02-12', 'James Johnson', 2, 0, 'Credit Card', 'Completed', 75.98, 1000001),
(1622, '2018-02-12', 'Michael Smith', 4, 0, 'Credit Card', 'Completed', 139.96, 1000005),
(1623, '2018-02-12', 'Sam William', 1, 0, 'Cash', 'Completed', 4.69, 1000010),
(1624, '2018-02-13', 'Sam William', 2, 0, 'Eftpos', 'Completed', 59.98, 1000002),
(1625, '2018-02-13', 'James Johnson', 3, 0, 'Credit Card', 'Completed', 14.07, 1000010),
(1626, '2018-02-13', 'Michael Smith', 5, 0, 'Credit Card', 'Completed', 74.95, 1000004),
(1627, '2018-02-13', 'Sam William', 2, 0, 'Credit Card', 'Completed', 59.98, 1000002),
(1628, '2018-02-14', 'James Johnson', 1, 0, 'Cash', 'Completed', 14.99, 1000004),
(1629, '2018-02-14', 'James Johnson', 3, 0, 'Eftpos', 'Completed', 14.07, 1000010),
(1630, '2018-02-14', 'Sam William', 1, 0, 'Eftpos', 'Completed', 37.99, 1000001),
(1631, '2018-02-14', 'James Johnson', 3, 0, 'Credit Card', 'Completed', 113.97, 1000001),
(1632, '2018-02-15', 'Michael Smith', 5, 0, 'Eftpos', 'Completed', 23.45, 1000010),
(1633, '2018-02-15', 'Sam William', 3, 0, 'Cash', 'Completed', 104.97, 1000005),
(1634, '2018-02-16', 'Michael Smith', 1, 0, 'Eftpos', 'Completed', 4.69, 1000010),
(1635, '2018-02-16', 'Michael Smith', 2, 0, 'Eftpos', 'Completed', 59.98, 1000002),
(1636, '2018-02-16', 'Sam William', 5, 0, 'Eftpos', 'Completed', 177.45, 1000007),
(1637, '2018-02-16', 'Sam William', 5, 0, 'Credit Card', 'Completed', 64.95, 1000008),
(1638, '2018-02-17', 'Sam William', 3, 0, 'Credit Card', 'Completed', 38.97, 1000008),
(1639, '2018-02-17', 'James Johnson', 2, 0, 'Eftpos', 'Completed', 49.98, 1000009),
(1640, '2018-02-17', 'Michael Smith', 5, 0, 'Cash', 'Completed', 189.95, 1000001),
(1641, '2018-02-17', 'Sam William', 2, 0, 'Eftpos', 'Completed', 70.98, 1000007),
(1642, '2018-02-18', 'James Johnson', 1, 0, 'Credit Card', 'Completed', 29.99, 1000002),
(1643, '2018-02-18', 'James Johnson', 4, 0, 'Credit Card', 'Completed', 119.96, 1000002),
(1644, '2018-02-18', 'Sam William', 4, 0, 'Eftpos', 'Completed', 18.76, 1000010),
(1645, '2018-02-18', 'Michael Smith', 3, 0, 'Eftpos', 'Completed', 106.47, 1000007),
(1646, '2018-02-19', 'James Johnson', 1, 0, 'Cash', 'Completed', 4.69, 1000010),
(1647, '2018-02-19', 'Sam William', 4, 0, 'Eftpos', 'Completed', 119.96, 1000002),
(1648, '2018-02-19', 'James Johnson', 2, 0, 'Credit Card', 'Completed', 29.98, 1000004),
(1649, '2018-02-19', 'Sam William', 1, 0, 'Cash', 'Completed', 24.99, 1000009),
(1650, '2018-02-20', 'Sam William', 5, 0, 'Eftpos', 'Completed', 189.95, 1000001),
(1651, '2018-02-20', 'Michael Smith', 2, 0, 'Credit Card', 'Completed', 69.98, 1000005),
(1652, '2018-02-20', 'Michael Smith', 1, 0, 'Credit Card', 'Completed', 37.99, 1000001),
(1653, '2018-02-21', 'Sam William', 3, 0, 'Eftpos', 'Completed', 106.47, 1000007),
(1654, '2018-02-21', 'James Johnson', 1, 0, 'Credit Card', 'Completed', 14.99, 1000004),
(1655, '2018-02-22', 'Michael Smith', 1, 0, 'Credit Card', 'Completed', 4.69, 1000010),
(1656, '2018-02-22', 'James Johnson', 3, 0, 'Cash', 'Completed', 106.47, 1000007),
(1657, '2018-02-23', 'Sam William', 1, 0, 'Cash', 'Completed', 4.69, 1000010),
(1658, '2018-02-23', 'Sam William', 4, 0, 'Credit Card', 'Completed', 7.96, 1000006),
(1659, '2018-02-24', 'Michael Smith', 1, 0, 'Cash', 'Completed', 24.99, 1000009),
(1660, '2018-02-24', 'Michael Smith', 2, 0, 'Eftpos', 'Completed', 49.98, 1000003),
(1661, '2018-02-25', 'Sam William', 1, 0, 'Eftpos', 'Completed', 37.99, 1000001),
(1662, '2018-02-25', 'Sam William', 3, 0, 'Eftpos', 'Completed', 14.07, 1000010),
(1663, '2018-02-25', 'James Johnson', 2, 0, 'Eftpos', 'Completed', 59.98, 1000002),
(1664, '2018-02-25', 'James Johnson', 4, 0, 'Cash', 'Completed', 18.76, 1000010),
(1665, '2018-02-26', 'Michael Smith', 4, 0, 'Credit Card', 'Completed', 141.96, 1000007),
(1666, '2018-02-26', 'Sam William', 1, 0, 'Cash', 'Completed', 4.69, 1000010),
(1667, '2018-02-27', 'Sam William', 4, 0, 'Eftpos', 'Completed', 151.96, 1000001),
(1668, '2018-02-27', 'Michael Smith', 5, 0, 'Eftpos', 'Completed', 177.45, 1000007),
(1669, '2018-02-27', 'Sam William', 3, 0, 'Credit Card', 'Completed', 5.97, 1000006),
(1670, '2018-02-27', 'Sam William', 5, 0, 'Credit Card', 'Completed', 64.95, 1000008),
(1671, '2018-02-28', 'Sam William', 4, 0, 'Credit Card', 'Completed', 151.96, 1000001),
(1672, '2018-02-28', 'Sam William', 4, 0, 'Eftpos', 'Completed', 18.76, 1000010),
(1673, '2018-03-01', 'Michael Smith', 1, 0, 'Cash', 'Completed', 29.99, 1000002),
(1674, '2018-03-01', 'Michael Smith', 1, 0, 'Eftpos', 'Completed', 34.99, 1000005),
(1675, '2018-03-02', 'Michael Smith', 2, 0, 'Eftpos', 'Completed', 75.98, 1000001),
(1676, '2018-03-02', 'Michael Smith', 3, 0, 'Cash', 'Completed', 44.97, 1000004),
(1677, '2018-03-02', 'Sam William', 4, 0, 'Cash', 'Completed', 119.96, 1000002),
(1678, '2018-03-02', 'James Johnson', 3, 0, 'Credit Card', 'Completed', 44.97, 1000004),
(1679, '2018-03-03', 'Michael Smith', 3, 0, 'Credit Card', 'Completed', 113.97, 1000001),
(1680, '2018-03-03', 'James Johnson', 5, 0, 'Credit Card', 'Completed', 149.95, 1000002),
(1681, '2018-03-03', 'Michael Smith', 5, 0, 'Eftpos', 'Completed', 177.45, 1000007),
(1682, '2018-03-03', 'Michael Smith', 1, 0, 'Credit Card', 'Completed', 12.99, 1000008),
(1683, '2018-03-04', 'Michael Smith', 2, 0, 'Cash', 'Completed', 9.38, 1000010),
(1684, '2018-03-04', 'Michael Smith', 1, 0, 'Eftpos', 'Completed', 35.49, 1000007),
(1685, '2018-03-05', 'Michael Smith', 5, 0, 'Credit Card', 'Completed', 64.95, 1000008),
(1686, '2018-03-05', 'Michael Smith', 2, 0, 'Eftpos', 'Completed', 3.98, 1000006),
(1687, '2018-03-05', 'Michael Smith', 1, 0, 'Credit Card', 'Completed', 37.99, 1000001),
(1688, '2018-03-06', 'Michael Smith', 5, 0, 'Cash', 'Completed', 124.95, 1000003),
(1689, '2018-03-06', 'Michael Smith', 1, 0, 'Eftpos', 'Completed', 14.99, 1000004),
(1690, '2018-03-06', 'Sam William', 2, 0, 'Credit Card', 'Completed', 69.98, 1000005),
(1691, '2018-03-07', 'Michael Smith', 5, 0, 'Eftpos', 'Completed', 74.95, 1000004),
(1692, '2018-03-07', 'Michael Smith', 4, 0, 'Credit Card', 'Completed', 51.96, 1000008),
(1693, '2018-03-07', 'James Johnson', 3, 0, 'Eftpos', 'Completed', 89.97, 1000002),
(1694, '2018-03-08', 'Sam William', 1, 0, 'Eftpos', 'Completed', 34.99, 1000005),
(1695, '2018-03-08', 'Michael Smith', 1, 0, 'Eftpos', 'Completed', 34.99, 1000005),
(1696, '2018-03-08', 'James Johnson', 2, 0, 'Eftpos', 'Completed', 9.38, 1000010),
(1697, '2018-03-09', 'James Johnson', 3, 0, 'Cash', 'Completed', 5.97, 1000006),
(1698, '2018-03-09', 'James Johnson', 1, 0, 'Eftpos', 'Completed', 14.99, 1000004),
(1699, '2018-03-09', 'James Johnson', 1, 0, 'Eftpos', 'Completed', 37.99, 1000001),
(1700, '2018-03-10', 'Sam William', 3, 0, 'Eftpos', 'Completed', 89.97, 1000002),
(1701, '2018-03-10', 'James Johnson', 3, 0, 'Eftpos', 'Completed', 106.47, 1000007),
(1702, '2018-03-11', 'James Johnson', 4, 0, 'Cash', 'Completed', 51.96, 1000008),
(1703, '2018-03-11', 'Michael Smith', 1, 0, 'Eftpos', 'Completed', 1.99, 1000006),
(1704, '2018-03-11', 'James Johnson', 4, 0, 'Eftpos', 'Completed', 151.96, 1000001),
(1705, '2018-03-11', 'Sam William', 4, 0, 'Cash', 'Completed', 99.96, 1000009),
(1706, '2018-03-12', 'Michael Smith', 2, 0, 'Credit Card', 'Completed', 69.98, 1000005),
(1707, '2018-03-12', 'Sam William', 5, 0, 'Credit Card', 'Completed', 124.95, 1000009),
(1708, '2018-03-12', 'Sam William', 3, 0, 'Credit Card', 'Completed', 44.97, 1000004),
(1709, '2018-03-12', 'Sam William', 5, 0, 'Credit Card', 'Completed', 174.95, 1000005),
(1710, '2018-03-13', 'James Johnson', 1, 0, 'Credit Card', 'Completed', 4.69, 1000010),
(1711, '2018-03-13', 'Sam William', 2, 0, 'Credit Card', 'Completed', 29.98, 1000004),
(1712, '2018-03-13', 'James Johnson', 2, 0, 'Eftpos', 'Completed', 75.98, 1000001),
(1713, '2018-03-14', 'Michael Smith', 4, 0, 'Eftpos', 'Completed', 99.96, 1000009),
(1714, '2018-03-14', 'Sam William', 1, 0, 'Cash', 'Completed', 35.49, 1000007),
(1715, '2018-03-14', 'James Johnson', 3, 0, 'Cash', 'Completed', 104.97, 1000005),
(1716, '2018-03-14', 'Michael Smith', 3, 0, 'Credit Card', 'Completed', 104.97, 1000005),
(1717, '2018-03-15', 'James Johnson', 1, 0, 'Credit Card', 'Completed', 24.99, 1000009),
(1718, '2018-03-15', 'Michael Smith', 2, 0, 'Credit Card', 'Completed', 49.98, 1000009),
(1719, '2018-03-16', 'Michael Smith', 3, 0, 'Credit Card', 'Completed', 44.97, 1000004),
(1720, '2018-03-16', 'Michael Smith', 3, 0, 'Cash', 'Completed', 106.47, 1000007),
(1721, '2018-03-17', 'James Johnson', 2, 0, 'Cash', 'Completed', 59.98, 1000002),
(1722, '2018-03-17', 'Sam William', 5, 0, 'Eftpos', 'Completed', 189.95, 1000001),
(1723, '2018-03-17', 'Michael Smith', 3, 0, 'Eftpos', 'Completed', 38.97, 1000008),
(1724, '2018-03-17', 'Sam William', 3, 0, 'Credit Card', 'Completed', 44.97, 1000004),
(1725, '2018-03-18', 'Michael Smith', 3, 0, 'Credit Card', 'Completed', 44.97, 1000004),
(1726, '2018-03-18', 'James Johnson', 4, 0, 'Credit Card', 'Completed', 141.96, 1000007),
(1727, '2018-03-19', 'Michael Smith', 1, 0, 'Credit Card', 'Completed', 24.99, 1000003),
(1728, '2018-03-19', 'James Johnson', 1, 0, 'Credit Card', 'Completed', 14.99, 1000004),
(1729, '2018-03-19', 'Michael Smith', 4, 0, 'Cash', 'Completed', 141.96, 1000007),
(1730, '2018-03-20', 'Sam William', 4, 0, 'Cash', 'Completed', 119.96, 1000002),
(1731, '2018-03-20', 'Michael Smith', 5, 0, 'Eftpos', 'Completed', 9.95, 1000006),
(1732, '2018-03-20', 'Michael Smith', 3, 0, 'Credit Card', 'Completed', 89.97, 1000002),
(1733, '2018-03-20', 'Michael Smith', 3, 0, 'Cash', 'Completed', 74.97, 1000009),
(1734, '2018-03-21', 'James Johnson', 3, 0, 'Cash', 'Completed', 44.97, 1000004),
(1735, '2018-03-21', 'Sam William', 5, 0, 'Eftpos', 'Completed', 124.95, 1000003),
(1736, '2018-03-22', 'Sam William', 1, 0, 'Eftpos', 'Completed', 29.99, 1000002),
(1737, '2018-03-22', 'James Johnson', 5, 0, 'Credit Card', 'Completed', 74.95, 1000004),
(1738, '2018-03-23', 'James Johnson', 5, 0, 'Eftpos', 'Completed', 149.95, 1000002),
(1739, '2018-03-23', 'Michael Smith', 5, 0, 'Eftpos', 'Completed', 177.45, 1000007),
(1740, '2018-03-24', 'James Johnson', 5, 0, 'Eftpos', 'Completed', 74.95, 1000004),
(1741, '2018-03-24', 'Sam William', 4, 0, 'Eftpos', 'Completed', 59.96, 1000004),
(1742, '2018-03-24', 'James Johnson', 5, 0, 'Cash', 'Completed', 9.95, 1000006),
(1743, '2018-03-25', 'Michael Smith', 3, 0, 'Cash', 'Completed', 44.97, 1000004),
(1744, '2018-03-25', 'Michael Smith', 5, 0, 'Credit Card', 'Completed', 177.45, 1000007),
(1745, '2018-03-25', 'Michael Smith', 4, 0, 'Credit Card', 'Completed', 18.76, 1000010),
(1746, '2018-03-25', 'James Johnson', 5, 0, 'Eftpos', 'Completed', 64.95, 1000008),
(1747, '2018-03-26', 'Michael Smith', 1, 0, 'Cash', 'Completed', 12.99, 1000008),
(1748, '2018-03-26', 'James Johnson', 2, 0, 'Eftpos', 'Completed', 75.98, 1000001),
(1749, '2018-03-27', 'James Johnson', 1, 0, 'Eftpos', 'Completed', 24.99, 1000009),
(1750, '2018-03-27', 'James Johnson', 3, 0, 'Eftpos', 'Completed', 74.97, 1000009),
(1751, '2018-03-27', 'Michael Smith', 4, 0, 'Cash', 'Completed', 151.96, 1000001),
(1752, '2018-03-28', 'Michael Smith', 4, 0, 'Eftpos', 'Completed', 119.96, 1000002),
(1753, '2018-03-28', 'Michael Smith', 1, 0, 'Credit Card', 'Completed', 1.99, 1000006),
(1754, '2018-03-28', 'Sam William', 5, 0, 'Credit Card', 'Completed', 124.95, 1000009),
(1755, '2018-03-28', 'James Johnson', 3, 0, 'Credit Card', 'Completed', 74.97, 1000003),
(1756, '2018-03-29', 'Michael Smith', 2, 0, 'Cash', 'Completed', 59.98, 1000002),
(1757, '2018-03-29', 'Sam William', 4, 0, 'Eftpos', 'Completed', 139.96, 1000005),
(1758, '2018-03-29', 'Michael Smith', 4, 0, 'Cash', 'Completed', 7.96, 1000006),
(1759, '2018-03-30', 'Sam William', 4, 0, 'Credit Card', 'Completed', 51.96, 1000008),
(1760, '2018-03-30', 'James Johnson', 3, 0, 'Credit Card', 'Completed', 5.97, 1000006),
(1761, '2018-03-30', 'Sam William', 5, 0, 'Credit Card', 'Completed', 124.95, 1000009),
(1762, '2018-03-31', 'James Johnson', 3, 0, 'Eftpos', 'Completed', 89.97, 1000002),
(1763, '2018-03-31', 'Sam William', 1, 0, 'Eftpos', 'Completed', 29.99, 1000002),
(1764, '2018-04-01', 'Sam William', 4, 0, 'Credit Card', 'Completed', 7.96, 1000006),
(1765, '2018-04-01', 'Michael Smith', 1, 0, 'Eftpos', 'Completed', 12.99, 1000008),
(1766, '2018-04-01', 'Sam William', 3, 0, 'Eftpos', 'Completed', 38.97, 1000008),
(1767, '2018-04-01', 'Sam William', 5, 0, 'Cash', 'Completed', 23.45, 1000010),
(1768, '2018-04-02', 'Michael Smith', 3, 0, 'Eftpos', 'Completed', 5.97, 1000006),
(1769, '2018-04-02', 'Michael Smith', 5, 0, 'Eftpos', 'Completed', 177.45, 1000007),
(1770, '2018-04-02', 'Sam William', 1, 0, 'Cash', 'Completed', 1.99, 1000006),
(1771, '2018-04-03', 'Michael Smith', 1, 0, 'Eftpos', 'Completed', 24.99, 1000009),
(1772, '2018-04-03', 'Sam William', 3, 0, 'Eftpos', 'Completed', 44.97, 1000004),
(1773, '2018-04-03', 'James Johnson', 2, 0, 'Cash', 'Completed', 3.98, 1000006),
(1774, '2018-04-04', 'Sam William', 5, 0, 'Eftpos', 'Completed', 189.95, 1000001),
(1775, '2018-04-04', 'James Johnson', 4, 0, 'Credit Card', 'Completed', 7.96, 1000006),
(1776, '2018-04-05', 'Michael Smith', 2, 0, 'Eftpos', 'Completed', 69.98, 1000005),
(1777, '2018-04-05', 'James Johnson', 3, 0, 'Eftpos', 'Completed', 44.97, 1000004),
(1778, '2018-04-05', 'James Johnson', 2, 0, 'Credit Card', 'Completed', 29.98, 1000004),
(1779, '2018-04-05', 'Sam William', 3, 0, 'Eftpos', 'Completed', 89.97, 1000002),
(1780, '2018-04-06', 'Michael Smith', 2, 0, 'Cash', 'Completed', 70.98, 1000007),
(1781, '2018-04-06', 'Michael Smith', 1, 0, 'Credit Card', 'Completed', 4.69, 1000010),
(1782, '2018-04-06', 'Michael Smith', 3, 0, 'Cash', 'Completed', 89.97, 1000002),
(1783, '2018-04-06', 'James Johnson', 3, 0, 'Credit Card', 'Completed', 74.97, 1000003),
(1784, '2018-04-07', 'James Johnson', 1, 0, 'Eftpos', 'Completed', 14.99, 1000004),
(1785, '2018-04-07', 'Michael Smith', 3, 0, 'Cash', 'Completed', 5.97, 1000006),
(1786, '2018-04-08', 'Michael Smith', 3, 0, 'Credit Card', 'Completed', 113.97, 1000001),
(1787, '2018-04-08', 'James Johnson', 2, 0, 'Eftpos', 'Completed', 9.38, 1000010),
(1788, '2018-04-08', 'Sam William', 2, 0, 'Credit Card', 'Completed', 25.98, 1000008),
(1789, '2018-04-09', 'James Johnson', 1, 0, 'Cash', 'Completed', 1.99, 1000006),
(1790, '2018-04-09', 'Michael Smith', 4, 0, 'Cash', 'Completed', 141.96, 1000007),
(1791, '2018-04-09', 'Michael Smith', 3, 0, 'Cash', 'Completed', 14.07, 1000010),
(1792, '2018-04-09', 'James Johnson', 2, 0, 'Credit Card', 'Completed', 25.98, 1000008),
(1793, '2018-04-10', 'Sam William', 1, 0, 'Cash', 'Completed', 12.99, 1000008),
(1794, '2018-04-10', 'Michael Smith', 2, 0, 'Cash', 'Completed', 25.98, 1000008),
(1795, '2018-04-10', 'Sam William', 4, 0, 'Cash', 'Completed', 59.96, 1000004),
(1796, '2018-04-10', 'Sam William', 5, 0, 'Credit Card', 'Completed', 9.95, 1000006),
(1797, '2018-04-11', 'Michael Smith', 3, 0, 'Credit Card', 'Completed', 106.47, 1000007),
(1798, '2018-04-11', 'Michael Smith', 3, 0, 'Eftpos', 'Completed', 74.97, 1000003),
(1799, '2018-04-12', 'Sam William', 2, 0, 'Credit Card', 'Completed', 3.98, 1000006),
(1800, '2018-04-12', 'James Johnson', 1, 0, 'Eftpos', 'Completed', 29.99, 1000002),
(1801, '2018-04-13', 'Sam William', 1, 0, 'Cash', 'Completed', 24.99, 1000009),
(1802, '2018-04-13', 'James Johnson', 5, 0, 'Credit Card', 'Completed', 74.95, 1000004),
(1803, '2018-04-14', 'Sam William', 5, 0, 'Credit Card', 'Completed', 124.95, 1000003),
(1804, '2018-04-14', 'Sam William', 3, 0, 'Credit Card', 'Completed', 113.97, 1000001),
(1805, '2018-04-14', 'James Johnson', 5, 0, 'Eftpos', 'Completed', 23.45, 1000010),
(1806, '2018-04-14', 'Sam William', 1, 0, 'Credit Card', 'Completed', 35.49, 1000007),
(1807, '2018-04-15', 'James Johnson', 5, 0, 'Credit Card', 'Completed', 124.95, 1000003),
(1808, '2018-04-15', 'Sam William', 2, 0, 'Cash', 'Completed', 29.98, 1000004),
(1809, '2018-04-15', 'Michael Smith', 4, 0, 'Credit Card', 'Completed', 18.76, 1000010),
(1810, '2018-04-15', 'Sam William', 1, 0, 'Cash', 'Completed', 34.99, 1000005),
(1811, '2018-04-16', 'Sam William', 1, 0, 'Eftpos', 'Completed', 37.99, 1000001),
(1812, '2018-04-16', 'James Johnson', 5, 0, 'Eftpos', 'Completed', 189.95, 1000001),
(1813, '2018-04-16', 'James Johnson', 1, 0, 'Credit Card', 'Completed', 12.99, 1000008),
(1814, '2018-04-16', 'James Johnson', 3, 0, 'Cash', 'Completed', 74.97, 1000009),
(1815, '2018-04-17', 'Michael Smith', 3, 0, 'Credit Card', 'Completed', 106.47, 1000007),
(1816, '2018-04-17', 'Sam William', 1, 0, 'Eftpos', 'Completed', 12.99, 1000008),
(1817, '2018-04-17', 'Sam William', 1, 0, 'Credit Card', 'Completed', 29.99, 1000002),
(1818, '2018-04-18', 'Michael Smith', 3, 0, 'Cash', 'Completed', 38.97, 1000008),
(1819, '2018-04-18', 'Michael Smith', 4, 0, 'Credit Card', 'Completed', 18.76, 1000010),
(1820, '2018-04-19', 'Michael Smith', 4, 0, 'Eftpos', 'Completed', 18.76, 1000010),
(1821, '2018-04-19', 'Michael Smith', 3, 0, 'Cash', 'Completed', 104.97, 1000005),
(1822, '2018-04-19', 'Michael Smith', 1, 0, 'Credit Card', 'Completed', 14.99, 1000004),
(1823, '2018-04-19', 'Sam William', 1, 0, 'Eftpos', 'Completed', 1.99, 1000006),
(1824, '2018-04-20', 'Michael Smith', 3, 0, 'Credit Card', 'Completed', 89.97, 1000002),
(1825, '2018-04-20', 'James Johnson', 4, 0, 'Eftpos', 'Completed', 141.96, 1000007),
(1826, '2018-04-21', 'James Johnson', 3, 0, 'Cash', 'Completed', 104.97, 1000005),
(1827, '2018-04-21', 'Michael Smith', 2, 0, 'Cash', 'Completed', 70.98, 1000007),
(1828, '2018-04-22', 'Michael Smith', 1, 0, 'Eftpos', 'Completed', 24.99, 1000003),
(1829, '2018-04-22', 'Michael Smith', 5, 0, 'Eftpos', 'Completed', 177.45, 1000007),
(1830, '2018-04-22', 'Michael Smith', 4, 0, 'Cash', 'Completed', 141.96, 1000007),
(1831, '2018-04-22', 'James Johnson', 2, 0, 'Eftpos', 'Completed', 3.98, 1000006),
(1832, '2018-04-23', 'Sam William', 2, 0, 'Credit Card', 'Completed', 25.98, 1000008),
(1833, '2018-04-23', 'Michael Smith', 4, 0, 'Cash', 'Completed', 7.96, 1000006),
(1834, '2018-04-24', 'Sam William', 4, 0, 'Cash', 'Completed', 141.96, 1000007),
(1835, '2018-04-24', 'Sam William', 1, 0, 'Eftpos', 'Completed', 1.99, 1000006),
(1836, '2018-04-25', 'James Johnson', 1, 0, 'Eftpos', 'Completed', 1.99, 1000006),
(1837, '2018-04-25', 'James Johnson', 5, 0, 'Cash', 'Completed', 23.45, 1000010),
(1838, '2018-04-26', 'James Johnson', 4, 0, 'Eftpos', 'Completed', 18.76, 1000010),
(1839, '2018-04-26', 'Sam William', 4, 0, 'Cash', 'Completed', 141.96, 1000007),
(1840, '2018-04-26', 'Sam William', 1, 0, 'Cash', 'Completed', 37.99, 1000001),
(1841, '2018-04-27', 'Sam William', 5, 0, 'Cash', 'Completed', 23.45, 1000010),
(1842, '2018-04-27', 'James Johnson', 1, 0, 'Eftpos', 'Completed', 29.99, 1000002),
(1843, '2018-04-27', 'James Johnson', 3, 0, 'Credit Card', 'Completed', 104.97, 1000005),
(1844, '2018-04-27', 'Michael Smith', 5, 0, 'Eftpos', 'Completed', 9.95, 1000006),
(1845, '2018-04-28', 'James Johnson', 1, 0, 'Credit Card', 'Completed', 4.69, 1000010),
(1846, '2018-04-28', 'Sam William', 5, 0, 'Eftpos', 'Completed', 23.45, 1000010),
(1847, '2018-04-29', 'James Johnson', 5, 0, 'Eftpos', 'Completed', 23.45, 1000010),
(1848, '2018-04-29', 'Michael Smith', 5, 0, 'Credit Card', 'Completed', 189.95, 1000001),
(1849, '2018-04-30', 'Michael Smith', 4, 0, 'Cash', 'Completed', 51.96, 1000008),
(1850, '2018-04-30', 'Sam William', 3, 0, 'Cash', 'Completed', 38.97, 1000008),
(1851, '2018-05-01', 'James Johnson', 1, 0, 'Cash', 'Completed', 29.99, 1000002),
(1852, '2018-05-01', 'Sam William', 4, 0, 'Credit Card', 'Completed', 119.96, 1000002),
(1853, '2018-05-01', 'James Johnson', 2, 0, 'Credit Card', 'Completed', 69.98, 1000005),
(1854, '2018-05-01', 'Michael Smith', 5, 0, 'Credit Card', 'Completed', 174.95, 1000005),
(1855, '2018-05-02', 'Sam William', 2, 0, 'Credit Card', 'Completed', 29.98, 1000004),
(1856, '2018-05-02', 'James Johnson', 4, 0, 'Cash', 'Completed', 119.96, 1000002),
(1857, '2018-05-02', 'Sam William', 3, 0, 'Cash', 'Completed', 14.07, 1000010),
(1858, '2018-05-02', 'Michael Smith', 2, 0, 'Cash', 'Completed', 75.98, 1000001),
(1859, '2018-05-03', 'Michael Smith', 4, 0, 'Eftpos', 'Completed', 141.96, 1000007),
(1860, '2018-05-03', 'Sam William', 4, 0, 'Eftpos', 'Completed', 139.96, 1000005),
(1861, '2018-05-03', 'Sam William', 5, 0, 'Eftpos', 'Completed', 177.45, 1000007),
(1862, '2018-05-03', 'Michael Smith', 3, 0, 'Eftpos', 'Completed', 14.07, 1000010),
(1863, '2018-05-04', 'Sam William', 4, 0, 'Eftpos', 'Completed', 59.96, 1000004),
(1864, '2018-05-04', 'Sam William', 5, 0, 'Credit Card', 'Completed', 74.95, 1000004),
(1865, '2018-05-04', 'Sam William', 4, 0, 'Credit Card', 'Completed', 59.96, 1000004),
(1866, '2018-05-04', 'James Johnson', 3, 0, 'Credit Card', 'Completed', 104.97, 1000005),
(1867, '2018-05-05', 'Michael Smith', 4, 0, 'Credit Card', 'Completed', 119.96, 1000002),
(1868, '2018-05-05', 'James Johnson', 3, 0, 'Credit Card', 'Completed', 14.07, 1000010),
(1869, '2018-05-05', 'James Johnson', 5, 0, 'Cash', 'Completed', 177.45, 1000007),
(1870, '2018-05-05', 'Sam William', 3, 0, 'Eftpos', 'Completed', 38.97, 1000008),
(1871, '2018-05-06', 'Michael Smith', 2, 0, 'Eftpos', 'Completed', 3.98, 1000006),
(1872, '2018-05-06', 'James Johnson', 1, 0, 'Credit Card', 'Completed', 1.99, 1000006),
(1873, '2018-05-06', 'Michael Smith', 2, 0, 'Credit Card', 'Completed', 70.98, 1000007),
(1874, '2018-05-06', 'Michael Smith', 5, 0, 'Eftpos', 'Completed', 9.95, 1000006),
(1875, '2018-05-07', 'Michael Smith', 2, 0, 'Credit Card', 'Completed', 49.98, 1000003),
(1876, '2018-05-07', 'Sam William', 5, 0, 'Credit Card', 'Completed', 174.95, 1000005),
(1877, '2018-05-07', 'Michael Smith', 4, 0, 'Cash', 'Completed', 99.96, 1000003),
(1878, '2018-05-08', 'James Johnson', 4, 0, 'Eftpos', 'Completed', 51.96, 1000008),
(1879, '2018-05-08', 'Sam William', 1, 0, 'Credit Card', 'Completed', 14.99, 1000004),
(1880, '2018-05-08', 'Sam William', 5, 0, 'Credit Card', 'Completed', 174.95, 1000005),
(1881, '2018-05-08', 'Sam William', 4, 0, 'Credit Card', 'Completed', 151.96, 1000001),
(1882, '2018-05-09', 'James Johnson', 1, 0, 'Eftpos', 'Completed', 12.99, 1000008),
(1883, '2018-05-09', 'Sam William', 3, 0, 'Eftpos', 'Completed', 113.97, 1000001),
(1884, '2018-05-10', 'James Johnson', 2, 0, 'Cash', 'Completed', 25.98, 1000008),
(1885, '2018-05-10', 'James Johnson', 2, 0, 'Credit Card', 'Completed', 9.38, 1000010),
(1886, '2018-05-10', 'James Johnson', 3, 0, 'Credit Card', 'Completed', 106.47, 1000007),
(1887, '2018-05-10', 'James Johnson', 3, 0, 'Credit Card', 'Completed', 5.97, 1000006),
(1888, '2018-05-11', 'James Johnson', 3, 0, 'Cash', 'Completed', 74.97, 1000003),
(1889, '2018-05-11', 'James Johnson', 4, 0, 'Cash', 'Completed', 99.96, 1000003),
(1890, '2018-05-12', 'Michael Smith', 2, 0, 'Credit Card', 'Completed', 49.98, 1000009),
(1891, '2018-05-12', 'James Johnson', 5, 0, 'Cash', 'Completed', 124.95, 1000009),
(1892, '2018-05-13', 'Sam William', 5, 0, 'Eftpos', 'Completed', 189.95, 1000001),
(1893, '2018-05-13', 'Michael Smith', 4, 0, 'Cash', 'Completed', 119.96, 1000002),
(1894, '2018-05-13', 'Sam William', 4, 0, 'Eftpos', 'Completed', 151.96, 1000001),
(1895, '2018-05-13', 'Michael Smith', 4, 0, 'Credit Card', 'Completed', 99.96, 1000009),
(1896, '2018-05-14', 'James Johnson', 5, 0, 'Eftpos', 'Completed', 74.95, 1000004),
(1897, '2018-05-14', 'Sam William', 5, 0, 'Credit Card', 'Completed', 177.45, 1000007),
(1898, '2018-05-14', 'James Johnson', 1, 0, 'Cash', 'Completed', 34.99, 1000005),
(1899, '2018-05-14', 'Michael Smith', 3, 0, 'Eftpos', 'Completed', 74.97, 1000009),
(1900, '2018-05-15', 'James Johnson', 3, 0, 'Credit Card', 'Completed', 89.97, 1000002),
(1901, '2018-05-15', 'James Johnson', 4, 0, 'Cash', 'Completed', 18.76, 1000010),
(1902, '2018-05-15', 'James Johnson', 5, 0, 'Credit Card', 'Completed', 124.95, 1000009),
(1903, '2018-05-15', 'Sam William', 3, 0, 'Eftpos', 'Completed', 74.97, 1000003),
(1904, '2018-05-16', 'Michael Smith', 2, 0, 'Cash', 'Completed', 75.98, 1000001),
(1905, '2018-05-16', 'James Johnson', 2, 0, 'Credit Card', 'Completed', 59.98, 1000002),
(1906, '2018-05-16', 'James Johnson', 3, 0, 'Cash', 'Completed', 104.97, 1000005),
(1907, '2018-05-17', 'Sam William', 3, 0, 'Credit Card', 'Completed', 14.07, 1000010),
(1908, '2018-05-17', 'James Johnson', 5, 0, 'Credit Card', 'Completed', 149.95, 1000002),
(1909, '2018-05-18', 'Michael Smith', 5, 0, 'Cash', 'Completed', 189.95, 1000001),
(1910, '2018-05-18', 'James Johnson', 5, 0, 'Cash', 'Completed', 64.95, 1000008),
(1911, '2018-05-19', 'Sam William', 3, 0, 'Eftpos', 'Completed', 89.97, 1000002),
(1912, '2018-05-19', 'Sam William', 4, 0, 'Credit Card', 'Completed', 18.76, 1000010),
(1913, '2018-05-19', 'Sam William', 3, 0, 'Credit Card', 'Completed', 113.97, 1000001),
(1914, '2018-05-20', 'Michael Smith', 2, 0, 'Eftpos', 'Completed', 49.98, 1000003),
(1915, '2018-05-20', 'James Johnson', 3, 0, 'Credit Card', 'Completed', 113.97, 1000001),
(1916, '2018-05-20', 'Michael Smith', 2, 0, 'Credit Card', 'Completed', 49.98, 1000009),
(1917, '2018-05-21', 'James Johnson', 2, 0, 'Cash', 'Completed', 49.98, 1000009),
(1918, '2018-05-21', 'James Johnson', 1, 0, 'Cash', 'Completed', 14.99, 1000004),
(1919, '2018-05-22', 'Sam William', 4, 0, 'Eftpos', 'Completed', 119.96, 1000002),
(1920, '2018-05-22', 'James Johnson', 3, 0, 'Eftpos', 'Completed', 104.97, 1000005),
(1921, '2018-05-22', 'James Johnson', 1, 0, 'Eftpos', 'Completed', 37.99, 1000001),
(1922, '2018-05-22', 'Michael Smith', 3, 0, 'Credit Card', 'Completed', 89.97, 1000002),
(1923, '2018-05-23', 'Michael Smith', 3, 0, 'Cash', 'Completed', 5.97, 1000006),
(1924, '2018-05-23', 'Sam William', 2, 0, 'Eftpos', 'Completed', 70.98, 1000007),
(1925, '2018-05-23', 'Michael Smith', 2, 0, 'Credit Card', 'Completed', 49.98, 1000009),
(1926, '2018-05-23', 'Michael Smith', 3, 0, 'Cash', 'Completed', 113.97, 1000001),
(1927, '2018-05-24', 'James Johnson', 4, 0, 'Cash', 'Completed', 151.96, 1000001),
(1928, '2018-05-24', 'Sam William', 2, 0, 'Cash', 'Completed', 69.98, 1000005),
(1929, '2018-05-24', 'Sam William', 1, 0, 'Cash', 'Completed', 12.99, 1000008),
(1930, '2018-05-25', 'Sam William', 2, 0, 'Credit Card', 'Completed', 69.98, 1000005),
(1931, '2018-05-25', 'Sam William', 5, 0, 'Eftpos', 'Completed', 174.95, 1000005),
(1932, '2018-05-25', 'James Johnson', 3, 0, 'Eftpos', 'Completed', 89.97, 1000002),
(1933, '2018-05-25', 'James Johnson', 1, 0, 'Credit Card', 'Completed', 34.99, 1000005),
(1934, '2018-05-26', 'James Johnson', 3, 0, 'Cash', 'Completed', 44.97, 1000004),
(1935, '2018-05-26', 'Sam William', 5, 0, 'Cash', 'Completed', 124.95, 1000009),
(1936, '2018-05-26', 'James Johnson', 4, 0, 'Credit Card', 'Completed', 59.96, 1000004),
(1937, '2018-05-27', 'Michael Smith', 1, 0, 'Cash', 'Completed', 4.69, 1000010),
(1938, '2018-05-27', 'Sam William', 4, 0, 'Credit Card', 'Completed', 119.96, 1000002),
(1939, '2018-05-28', 'James Johnson', 2, 0, 'Credit Card', 'Completed', 70.98, 1000007),
(1940, '2018-05-28', 'Michael Smith', 1, 0, 'Credit Card', 'Completed', 37.99, 1000001),
(1941, '2018-05-29', 'Sam William', 2, 0, 'Credit Card', 'Completed', 49.98, 1000009),
(1942, '2018-05-29', 'Sam William', 1, 0, 'Credit Card', 'Completed', 12.99, 1000008),
(1943, '2018-05-30', 'Michael Smith', 4, 0, 'Credit Card', 'Completed', 18.76, 1000010),
(1944, '2018-05-30', 'Michael Smith', 2, 0, 'Eftpos', 'Completed', 69.98, 1000005),
(1945, '2018-05-30', 'Sam William', 4, 0, 'Eftpos', 'Completed', 51.96, 1000008),
(1946, '2018-05-30', 'Michael Smith', 4, 0, 'Credit Card', 'Completed', 119.96, 1000002),
(1947, '2018-05-31', 'Michael Smith', 1, 0, 'Eftpos', 'Completed', 24.99, 1000003),
(1948, '2018-05-31', 'James Johnson', 1, 0, 'Credit Card', 'Completed', 24.99, 1000003),
(1949, '2018-05-31', 'James Johnson', 1, 0, 'Cash', 'Completed', 4.69, 1000010),
(1950, '2018-05-31', 'Michael Smith', 4, 0, 'Cash', 'Completed', 119.96, 1000002),
(1951, '2018-06-01', 'James Johnson', 1, 0, 'Cash', 'Completed', 24.99, 1000003),
(1952, '2018-06-01', 'James Johnson', 3, 0, 'Cash', 'Completed', 106.47, 1000007),
(1953, '2018-06-02', 'Michael Smith', 2, 0, 'Cash', 'Completed', 49.98, 1000009),
(1954, '2018-06-02', 'Sam William', 2, 0, 'Eftpos', 'Completed', 59.98, 1000002),
(1955, '2018-06-03', 'Sam William', 5, 0, 'Cash', 'Completed', 177.45, 1000007),
(1956, '2018-06-03', 'Michael Smith', 5, 0, 'Cash', 'Completed', 177.45, 1000007),
(1957, '2018-06-03', 'Michael Smith', 1, 0, 'Credit Card', 'Completed', 14.99, 1000004),
(1958, '2018-06-03', 'Sam William', 4, 0, 'Credit Card', 'Completed', 59.96, 1000004),
(1959, '2018-06-04', 'Sam William', 2, 0, 'Cash', 'Completed', 75.98, 1000001),
(1960, '2018-06-04', 'James Johnson', 5, 0, 'Cash', 'Completed', 174.95, 1000005),
(1961, '2018-06-05', 'Sam William', 5, 0, 'Credit Card', 'Completed', 189.95, 1000001),
(1962, '2018-06-05', 'Michael Smith', 1, 0, 'Eftpos', 'Completed', 12.99, 1000008),
(1963, '2018-06-05', 'Michael Smith', 2, 0, 'Cash', 'Completed', 70.98, 1000007),
(1964, '2018-06-05', 'Sam William', 5, 0, 'Eftpos', 'Completed', 74.95, 1000004),
(1965, '2018-06-06', 'Michael Smith', 5, 0, 'Cash', 'Completed', 189.95, 1000001),
(1966, '2018-06-06', 'Michael Smith', 4, 0, 'Cash', 'Completed', 141.96, 1000007),
(1967, '2018-06-06', 'Sam William', 5, 0, 'Eftpos', 'Completed', 124.95, 1000009),
(1968, '2018-06-07', 'Sam William', 4, 0, 'Cash', 'Completed', 18.76, 1000010),
(1969, '2018-06-07', 'James Johnson', 5, 0, 'Credit Card', 'Completed', 124.95, 1000003),
(1970, '2018-06-07', 'James Johnson', 2, 0, 'Eftpos', 'Completed', 69.98, 1000005),
(1971, '2018-06-08', 'Michael Smith', 5, 0, 'Credit Card', 'Completed', 9.95, 1000006),
(1972, '2018-06-08', 'Michael Smith', 4, 0, 'Cash', 'Completed', 7.96, 1000006),
(1973, '2018-06-08', 'Michael Smith', 5, 0, 'Cash', 'Completed', 9.95, 1000006),
(1974, '2018-06-09', 'Sam William', 3, 0, 'Credit Card', 'Completed', 5.97, 1000006),
(1975, '2018-06-09', 'Sam William', 1, 0, 'Credit Card', 'Completed', 37.99, 1000001),
(1976, '2018-06-10', 'Sam William', 5, 0, 'Credit Card', 'Completed', 9.95, 1000006),
(1977, '2018-06-10', 'James Johnson', 2, 0, 'Cash', 'Completed', 25.98, 1000008),
(1978, '2018-06-10', 'James Johnson', 1, 0, 'Eftpos', 'Completed', 37.99, 1000001),
(1979, '2018-06-10', 'Sam William', 1, 0, 'Cash', 'Completed', 1.99, 1000006),
(1980, '2018-06-11', 'James Johnson', 1, 0, 'Cash', 'Completed', 4.69, 1000010),
(1981, '2018-06-11', 'James Johnson', 4, 0, 'Eftpos', 'Completed', 18.76, 1000010),
(1982, '2018-06-11', 'James Johnson', 1, 0, 'Eftpos', 'Completed', 14.99, 1000004),
(1983, '2018-06-12', 'Sam William', 3, 0, 'Eftpos', 'Completed', 38.97, 1000008),
(1984, '2018-06-12', 'Michael Smith', 5, 0, 'Credit Card', 'Completed', 124.95, 1000009),
(1985, '2018-06-12', 'Michael Smith', 4, 0, 'Cash', 'Completed', 141.96, 1000007),
(1986, '2018-06-13', 'Michael Smith', 4, 0, 'Cash', 'Completed', 99.96, 1000009),
(1987, '2018-06-13', 'Sam William', 5, 0, 'Eftpos', 'Completed', 74.95, 1000004),
(1988, '2018-06-13', 'Michael Smith', 4, 0, 'Credit Card', 'Completed', 99.96, 1000009),
(1989, '2018-06-14', 'Michael Smith', 4, 0, 'Credit Card', 'Completed', 141.96, 1000007),
(1990, '2018-06-14', 'Sam William', 3, 0, 'Credit Card', 'Completed', 14.07, 1000010),
(1991, '2018-06-14', 'James Johnson', 5, 0, 'Eftpos', 'Completed', 189.95, 1000001),
(1992, '2018-06-15', 'Sam William', 4, 0, 'Credit Card', 'Completed', 99.96, 1000009),
(1993, '2018-06-15', 'Sam William', 5, 0, 'Credit Card', 'Completed', 9.95, 1000006),
(1994, '2018-06-16', 'Michael Smith', 4, 0, 'Cash', 'Completed', 99.96, 1000003),
(1995, '2018-06-16', 'Michael Smith', 1, 0, 'Cash', 'Completed', 37.99, 1000001),
(1996, '2018-06-16', 'James Johnson', 5, 0, 'Eftpos', 'Completed', 174.95, 1000005),
(1997, '2018-06-16', 'Michael Smith', 1, 0, 'Cash', 'Completed', 24.99, 1000003),
(1998, '2018-06-17', 'Michael Smith', 5, 0, 'Credit Card', 'Completed', 124.95, 1000003),
(1999, '2018-06-17', 'Sam William', 5, 0, 'Credit Card', 'Completed', 149.95, 1000002),
(2000, '2018-06-17', 'Michael Smith', 5, 0, 'Cash', 'Completed', 177.45, 1000007),
(2001, '2018-06-18', 'James Johnson', 1, 0, 'Cash', 'Completed', 1.99, 1000006),
(2002, '2018-06-18', 'James Johnson', 1, 0, 'Cash', 'Completed', 24.99, 1000003),
(2003, '2018-06-18', 'Sam William', 4, 0, 'Credit Card', 'Completed', 99.96, 1000009),
(2004, '2018-06-19', 'Sam William', 5, 0, 'Cash', 'Completed', 74.95, 1000004),
(2005, '2018-06-19', 'Sam William', 4, 0, 'Eftpos', 'Completed', 99.96, 1000003),
(2006, '2018-06-19', 'Michael Smith', 5, 0, 'Eftpos', 'Completed', 9.95, 1000006),
(2007, '2018-06-19', 'James Johnson', 2, 0, 'Cash', 'Completed', 9.38, 1000010),
(2008, '2018-06-20', 'Sam William', 1, 0, 'Eftpos', 'Completed', 4.69, 1000010),
(2009, '2018-06-20', 'James Johnson', 4, 0, 'Cash', 'Completed', 99.96, 1000003),
(2010, '2018-06-20', 'Sam William', 3, 0, 'Eftpos', 'Completed', 89.97, 1000002),
(2011, '2018-06-21', 'Michael Smith', 2, 0, 'Credit Card', 'Completed', 9.38, 1000010),
(2012, '2018-06-21', 'Sam William', 1, 0, 'Cash', 'Completed', 24.99, 1000009),
(2013, '2018-06-21', 'James Johnson', 5, 0, 'Eftpos', 'Completed', 64.95, 1000008),
(2014, '2018-06-21', 'James Johnson', 5, 0, 'Eftpos', 'Completed', 74.95, 1000004),
(2015, '2018-06-22', 'Michael Smith', 4, 0, 'Cash', 'Completed', 99.96, 1000003),
(2016, '2018-06-22', 'Sam William', 3, 0, 'Cash', 'Completed', 74.97, 1000009),
(2017, '2018-06-23', 'Michael Smith', 4, 0, 'Eftpos', 'Completed', 151.96, 1000001),
(2018, '2018-06-23', 'Sam William', 2, 0, 'Eftpos', 'Completed', 70.98, 1000007),
(2019, '2018-06-24', 'James Johnson', 2, 0, 'Credit Card', 'Completed', 49.98, 1000009),
(2020, '2018-06-24', 'Sam William', 4, 0, 'Eftpos', 'Completed', 139.96, 1000005),
(2021, '2018-06-25', 'Michael Smith', 2, 0, 'Credit Card', 'Completed', 29.98, 1000004),
(2022, '2018-06-25', 'Sam William', 1, 0, 'Credit Card', 'Completed', 35.49, 1000007),
(2023, '2018-06-26', 'Michael Smith', 4, 0, 'Eftpos', 'Completed', 99.96, 1000009),
(2024, '2018-06-26', 'James Johnson', 1, 0, 'Credit Card', 'Completed', 4.69, 1000010),
(2025, '2018-06-26', 'Sam William', 5, 0, 'Eftpos', 'Completed', 124.95, 1000009),
(2026, '2018-06-27', 'Sam William', 2, 0, 'Cash', 'Completed', 9.38, 1000010),
(2027, '2018-06-27', 'James Johnson', 1, 0, 'Cash', 'Completed', 14.99, 1000004),
(2028, '2018-06-28', 'Michael Smith', 3, 0, 'Eftpos', 'Completed', 113.97, 1000001),
(2029, '2018-06-28', 'James Johnson', 5, 0, 'Credit Card', 'Completed', 124.95, 1000003),
(2030, '2018-06-29', 'James Johnson', 5, 0, 'Cash', 'Completed', 174.95, 1000005),
(2031, '2018-06-29', 'Michael Smith', 4, 0, 'Cash', 'Completed', 51.96, 1000008),
(2032, '2018-06-29', 'James Johnson', 2, 0, 'Cash', 'Completed', 49.98, 1000003),
(2033, '2018-06-30', 'James Johnson', 2, 0, 'Eftpos', 'Completed', 49.98, 1000003),
(2034, '2018-06-30', 'Michael Smith', 5, 0, 'Credit Card', 'Completed', 74.95, 1000004),
(2035, '2018-06-30', 'Sam William', 4, 0, 'Eftpos', 'Completed', 59.96, 1000004),
(2036, '2018-07-01', 'Sam William', 4, 0, 'Eftpos', 'Completed', 7.96, 1000006),
(2037, '2018-07-01', 'Michael Smith', 3, 0, 'Eftpos', 'Completed', 106.47, 1000007),
(2038, '2018-07-02', 'Michael Smith', 3, 0, 'Eftpos', 'Completed', 104.97, 1000005),
(2039, '2018-07-02', 'Sam William', 2, 0, 'Eftpos', 'Completed', 49.98, 1000009),
(2040, '2018-07-02', 'Sam William', 1, 0, 'Credit Card', 'Completed', 1.99, 1000006),
(2041, '2018-07-03', 'Sam William', 5, 0, 'Cash', 'Completed', 177.45, 1000007),
(2042, '2018-07-03', 'James Johnson', 1, 0, 'Credit Card', 'Completed', 1.99, 1000006),
(2043, '2018-07-04', 'Sam William', 3, 0, 'Eftpos', 'Completed', 74.97, 1000009),
(2044, '2018-07-04', 'Sam William', 2, 0, 'Cash', 'Completed', 75.98, 1000001),
(2045, '2018-07-04', 'Michael Smith', 1, 0, 'Eftpos', 'Completed', 14.99, 1000004),
(2046, '2018-07-05', 'Sam William', 3, 0, 'Cash', 'Completed', 89.97, 1000002),
(2047, '2018-07-05', 'Sam William', 2, 0, 'Eftpos', 'Completed', 3.98, 1000006),
(2048, '2018-07-05', 'Sam William', 1, 0, 'Credit Card', 'Completed', 34.99, 1000005),
(2049, '2018-07-05', 'Sam William', 4, 0, 'Eftpos', 'Completed', 7.96, 1000006),
(2050, '2018-07-06', 'Sam William', 1, 0, 'Eftpos', 'Completed', 24.99, 1000003),
(2051, '2018-07-06', 'Michael Smith', 3, 0, 'Cash', 'Completed', 74.97, 1000003),
(2052, '2018-07-07', 'Michael Smith', 2, 0, 'Eftpos', 'Completed', 49.98, 1000003),
(2053, '2018-07-07', 'Michael Smith', 1, 0, 'Cash', 'Completed', 1.99, 1000006),
(2054, '2018-07-07', 'Michael Smith', 2, 0, 'Cash', 'Completed', 59.98, 1000002),
(2055, '2018-07-08', 'Sam William', 2, 0, 'Credit Card', 'Completed', 25.98, 1000008),
(2056, '2018-07-08', 'James Johnson', 1, 0, 'Cash', 'Completed', 34.99, 1000005),
(2057, '2018-07-08', 'Michael Smith', 5, 0, 'Eftpos', 'Completed', 174.95, 1000005),
(2058, '2018-07-08', 'Sam William', 2, 0, 'Credit Card', 'Completed', 59.98, 1000002),
(2059, '2018-07-09', 'James Johnson', 3, 0, 'Cash', 'Completed', 74.97, 1000003),
(2060, '2018-07-09', 'Michael Smith', 4, 0, 'Credit Card', 'Completed', 7.96, 1000006),
(2061, '2018-07-09', 'James Johnson', 2, 0, 'Credit Card', 'Completed', 69.98, 1000005),
(2062, '2018-07-09', 'James Johnson', 3, 0, 'Credit Card', 'Completed', 74.97, 1000003),
(2063, '2018-07-10', 'James Johnson', 2, 0, 'Credit Card', 'Completed', 29.98, 1000004),
(2064, '2018-07-10', 'Sam William', 2, 0, 'Cash', 'Completed', 70.98, 1000007),
(2065, '2018-07-10', 'Michael Smith', 2, 0, 'Credit Card', 'Completed', 9.38, 1000010),
(2066, '2018-07-11', 'James Johnson', 2, 0, 'Credit Card', 'Completed', 70.98, 1000007),
(2067, '2018-07-11', 'James Johnson', 3, 0, 'Eftpos', 'Completed', 74.97, 1000003),
(2068, '2018-07-11', 'James Johnson', 3, 0, 'Credit Card', 'Completed', 74.97, 1000009),
(2069, '2018-07-12', 'James Johnson', 1, 0, 'Cash', 'Completed', 24.99, 1000003),
(2070, '2018-07-12', 'Sam William', 2, 0, 'Eftpos', 'Completed', 49.98, 1000009),
(2071, '2018-07-12', 'Sam William', 5, 0, 'Eftpos', 'Completed', 23.45, 1000010),
(2072, '2018-07-12', 'Michael Smith', 2, 0, 'Credit Card', 'Completed', 49.98, 1000009),
(2073, '2018-07-13', 'James Johnson', 5, 0, 'Credit Card', 'Completed', 189.95, 1000001),
(2074, '2018-07-13', 'Michael Smith', 3, 0, 'Cash', 'Completed', 89.97, 1000002),
(2075, '2018-07-14', 'Michael Smith', 4, 0, 'Cash', 'Completed', 139.96, 1000005),
(2076, '2018-07-14', 'Sam William', 4, 0, 'Eftpos', 'Completed', 99.96, 1000009),
(2077, '2018-07-14', 'Michael Smith', 1, 0, 'Credit Card', 'Completed', 34.99, 1000005),
(2078, '2018-07-15', 'Michael Smith', 4, 0, 'Credit Card', 'Completed', 139.96, 1000005),
(2079, '2018-07-15', 'Sam William', 2, 0, 'Credit Card', 'Completed', 9.38, 1000010),
(2080, '2018-07-15', 'James Johnson', 1, 0, 'Eftpos', 'Completed', 12.99, 1000008),
(2081, '2018-07-16', 'Michael Smith', 5, 0, 'Cash', 'Completed', 124.95, 1000009),
(2082, '2018-07-16', 'Michael Smith', 4, 0, 'Cash', 'Completed', 51.96, 1000008),
(2083, '2018-07-16', 'Sam William', 4, 0, 'Credit Card', 'Completed', 139.96, 1000005),
(2084, '2018-07-16', 'Michael Smith', 5, 0, 'Eftpos', 'Completed', 124.95, 1000009),
(2085, '2018-07-17', 'James Johnson', 2, 0, 'Cash', 'Completed', 59.98, 1000002),
(2086, '2018-07-17', 'James Johnson', 4, 0, 'Cash', 'Completed', 99.96, 1000009),
(2087, '2018-07-17', 'James Johnson', 2, 0, 'Credit Card', 'Completed', 49.98, 1000003),
(2088, '2018-07-18', 'James Johnson', 4, 0, 'Eftpos', 'Completed', 99.96, 1000009);
INSERT INTO `sale` (`sale_id`, `sale_date`, `sale_name`, `quantity`, `discount`, `payment_type`, `payment_status`, `total`, `product_id`) VALUES
(2089, '2018-07-18', 'Sam William', 1, 0, 'Eftpos', 'Completed', 24.99, 1000009),
(2090, '2018-07-19', 'Michael Smith', 3, 0, 'Eftpos', 'Completed', 44.97, 1000004),
(2091, '2018-07-19', 'James Johnson', 1, 0, 'Cash', 'Completed', 29.99, 1000002),
(2092, '2018-07-19', 'Michael Smith', 2, 0, 'Cash', 'Completed', 75.98, 1000001),
(2093, '2018-07-20', 'Michael Smith', 1, 0, 'Cash', 'Completed', 24.99, 1000009),
(2094, '2018-07-20', 'James Johnson', 3, 0, 'Cash', 'Completed', 89.97, 1000002),
(2095, '2018-07-21', 'Michael Smith', 3, 0, 'Credit Card', 'Completed', 74.97, 1000003),
(2096, '2018-07-21', 'James Johnson', 4, 0, 'Eftpos', 'Completed', 151.96, 1000001),
(2097, '2018-07-22', 'James Johnson', 5, 0, 'Cash', 'Completed', 124.95, 1000003),
(2098, '2018-07-22', 'Michael Smith', 5, 0, 'Cash', 'Completed', 174.95, 1000005),
(2099, '2018-07-22', 'Michael Smith', 4, 0, 'Cash', 'Completed', 119.96, 1000002),
(2100, '2018-07-22', 'James Johnson', 4, 0, 'Cash', 'Completed', 141.96, 1000007),
(2101, '2018-07-23', 'Sam William', 2, 0, 'Credit Card', 'Completed', 49.98, 1000009),
(2102, '2018-07-23', 'James Johnson', 5, 0, 'Eftpos', 'Completed', 174.95, 1000005),
(2103, '2018-07-23', 'Sam William', 3, 0, 'Credit Card', 'Completed', 74.97, 1000003),
(2104, '2018-07-24', 'Michael Smith', 3, 0, 'Credit Card', 'Completed', 74.97, 1000009),
(2105, '2018-07-24', 'Sam William', 3, 0, 'Eftpos', 'Completed', 5.97, 1000006),
(2106, '2018-07-24', 'Sam William', 4, 0, 'Eftpos', 'Completed', 151.96, 1000001),
(2107, '2018-07-24', 'Sam William', 5, 0, 'Credit Card', 'Completed', 174.95, 1000005),
(2108, '2018-07-25', 'Sam William', 3, 0, 'Credit Card', 'Completed', 113.97, 1000001),
(2109, '2018-07-25', 'Michael Smith', 1, 0, 'Cash', 'Completed', 29.99, 1000002),
(2110, '2018-07-25', 'Sam William', 2, 0, 'Cash', 'Completed', 29.98, 1000004),
(2111, '2018-07-25', 'Michael Smith', 5, 0, 'Eftpos', 'Completed', 74.95, 1000004),
(2112, '2018-07-26', 'Sam William', 4, 0, 'Eftpos', 'Completed', 7.96, 1000006),
(2113, '2018-07-26', 'Michael Smith', 5, 0, 'Credit Card', 'Completed', 23.45, 1000010),
(2114, '2018-07-26', 'Michael Smith', 2, 0, 'Eftpos', 'Completed', 9.38, 1000010),
(2115, '2018-07-27', 'Sam William', 2, 0, 'Eftpos', 'Completed', 69.98, 1000005),
(2116, '2018-07-27', 'Sam William', 4, 0, 'Credit Card', 'Completed', 59.96, 1000004),
(2117, '2018-07-27', 'James Johnson', 5, 0, 'Credit Card', 'Completed', 124.95, 1000003),
(2118, '2018-07-28', 'Sam William', 4, 0, 'Cash', 'Completed', 18.76, 1000010),
(2119, '2018-07-28', 'James Johnson', 2, 0, 'Eftpos', 'Completed', 9.38, 1000010),
(2120, '2018-07-29', 'Sam William', 5, 0, 'Eftpos', 'Completed', 124.95, 1000003),
(2121, '2018-07-29', 'Sam William', 3, 0, 'Credit Card', 'Completed', 104.97, 1000005),
(2122, '2018-07-29', 'Sam William', 4, 0, 'Credit Card', 'Completed', 99.96, 1000003),
(2123, '2018-07-30', 'Michael Smith', 2, 0, 'Cash', 'Completed', 29.98, 1000004),
(2124, '2018-07-30', 'James Johnson', 1, 0, 'Eftpos', 'Completed', 37.99, 1000001),
(2125, '2018-07-31', 'Sam William', 2, 0, 'Eftpos', 'Completed', 9.38, 1000010),
(2126, '2018-07-31', 'Michael Smith', 5, 0, 'Credit Card', 'Completed', 149.95, 1000002),
(2127, '2018-08-01', 'Sam William', 3, 0, 'Credit Card', 'Completed', 104.97, 1000005),
(2128, '2018-08-01', 'Sam William', 4, 0, 'Credit Card', 'Completed', 59.96, 1000004),
(2129, '2018-08-02', 'Michael Smith', 5, 0, 'Credit Card', 'Completed', 23.45, 1000010),
(2130, '2018-08-02', 'James Johnson', 4, 0, 'Credit Card', 'Completed', 51.96, 1000008),
(2131, '2018-08-02', 'Sam William', 5, 0, 'Eftpos', 'Completed', 23.45, 1000010),
(2132, '2018-08-03', 'Michael Smith', 3, 0, 'Eftpos', 'Completed', 14.07, 1000010),
(2133, '2018-08-03', 'Michael Smith', 5, 0, 'Cash', 'Completed', 23.45, 1000010),
(2134, '2018-08-03', 'James Johnson', 4, 0, 'Eftpos', 'Completed', 7.96, 1000006),
(2135, '2018-08-03', 'Sam William', 5, 0, 'Eftpos', 'Completed', 124.95, 1000009),
(2136, '2018-08-04', 'Michael Smith', 5, 0, 'Cash', 'Completed', 124.95, 1000003),
(2137, '2018-08-04', 'Michael Smith', 2, 0, 'Cash', 'Completed', 29.98, 1000004),
(2138, '2018-08-04', 'Sam William', 4, 0, 'Cash', 'Completed', 7.96, 1000006),
(2139, '2018-08-04', 'Michael Smith', 2, 0, 'Cash', 'Completed', 49.98, 1000003),
(2140, '2018-08-05', 'Sam William', 5, 0, 'Cash', 'Completed', 177.45, 1000007),
(2141, '2018-08-05', 'James Johnson', 1, 0, 'Credit Card', 'Completed', 4.69, 1000010),
(2142, '2018-08-05', 'Michael Smith', 4, 0, 'Eftpos', 'Completed', 18.76, 1000010),
(2143, '2018-08-06', 'James Johnson', 1, 0, 'Credit Card', 'Completed', 1.99, 1000006),
(2144, '2018-08-06', 'Michael Smith', 3, 0, 'Cash', 'Completed', 106.47, 1000007),
(2145, '2018-08-07', 'James Johnson', 4, 0, 'Credit Card', 'Completed', 99.96, 1000003),
(2146, '2018-08-07', 'Sam William', 1, 0, 'Cash', 'Completed', 1.99, 1000006),
(2147, '2018-08-07', 'Michael Smith', 1, 0, 'Cash', 'Completed', 4.69, 1000010),
(2148, '2018-08-08', 'Michael Smith', 4, 0, 'Credit Card', 'Completed', 7.96, 1000006),
(2149, '2018-08-08', 'Michael Smith', 5, 0, 'Credit Card', 'Completed', 174.95, 1000005),
(2150, '2018-08-09', 'James Johnson', 5, 0, 'Credit Card', 'Completed', 64.95, 1000008),
(2151, '2018-08-09', 'Sam William', 2, 0, 'Credit Card', 'Completed', 49.98, 1000009),
(2152, '2018-08-09', 'Sam William', 3, 0, 'Eftpos', 'Completed', 74.97, 1000009),
(2153, '2018-08-10', 'Michael Smith', 1, 0, 'Cash', 'Completed', 29.99, 1000002),
(2154, '2018-08-10', 'James Johnson', 3, 0, 'Eftpos', 'Completed', 5.97, 1000006),
(2155, '2018-08-10', 'Sam William', 5, 0, 'Credit Card', 'Completed', 124.95, 1000003),
(2156, '2018-08-10', 'James Johnson', 2, 0, 'Credit Card', 'Completed', 70.98, 1000007),
(2157, '2018-08-11', 'Michael Smith', 3, 0, 'Credit Card', 'Completed', 89.97, 1000002),
(2158, '2018-08-11', 'Michael Smith', 4, 0, 'Eftpos', 'Completed', 99.96, 1000009),
(2159, '2018-08-12', 'James Johnson', 4, 0, 'Credit Card', 'Completed', 141.96, 1000007),
(2160, '2018-08-12', 'Michael Smith', 4, 0, 'Cash', 'Completed', 139.96, 1000005),
(2161, '2018-08-13', 'Michael Smith', 1, 0, 'Credit Card', 'Completed', 35.49, 1000007),
(2162, '2018-08-13', 'James Johnson', 1, 0, 'Cash', 'Completed', 34.99, 1000005),
(2163, '2018-08-14', 'Sam William', 5, 0, 'Credit Card', 'Completed', 74.95, 1000004),
(2164, '2018-08-14', 'James Johnson', 3, 0, 'Credit Card', 'Completed', 113.97, 1000001),
(2165, '2018-08-14', 'Sam William', 2, 0, 'Credit Card', 'Completed', 69.98, 1000005),
(2166, '2018-08-14', 'James Johnson', 1, 0, 'Credit Card', 'Completed', 4.69, 1000010),
(2167, '2018-08-15', 'Sam William', 5, 0, 'Credit Card', 'Completed', 174.95, 1000005),
(2168, '2018-08-15', 'James Johnson', 1, 0, 'Eftpos', 'Completed', 24.99, 1000009),
(2169, '2018-08-16', 'Michael Smith', 3, 0, 'Credit Card', 'Completed', 74.97, 1000003),
(2170, '2018-08-16', 'Sam William', 1, 0, 'Cash', 'Completed', 29.99, 1000002),
(2171, '2018-08-16', 'Michael Smith', 2, 0, 'Credit Card', 'Completed', 9.38, 1000010),
(2172, '2018-08-16', 'Sam William', 5, 0, 'Cash', 'Completed', 64.95, 1000008),
(2173, '2018-08-17', 'Sam William', 1, 0, 'Cash', 'Completed', 37.99, 1000001),
(2174, '2018-08-17', 'James Johnson', 2, 0, 'Cash', 'Completed', 75.98, 1000001),
(2175, '2018-08-17', 'Sam William', 3, 0, 'Eftpos', 'Completed', 74.97, 1000009),
(2176, '2018-08-17', 'James Johnson', 1, 0, 'Credit Card', 'Completed', 24.99, 1000009),
(2177, '2018-08-18', 'Sam William', 1, 0, 'Eftpos', 'Completed', 1.99, 1000006),
(2178, '2018-08-18', 'Michael Smith', 3, 0, 'Cash', 'Completed', 89.97, 1000002),
(2179, '2018-08-18', 'James Johnson', 4, 0, 'Cash', 'Completed', 18.76, 1000010),
(2180, '2018-08-18', 'Sam William', 5, 0, 'Eftpos', 'Completed', 124.95, 1000003),
(2181, '2018-08-19', 'James Johnson', 5, 0, 'Cash', 'Completed', 124.95, 1000003),
(2182, '2018-08-19', 'Michael Smith', 2, 0, 'Cash', 'Completed', 49.98, 1000003),
(2183, '2018-08-20', 'James Johnson', 5, 0, 'Eftpos', 'Completed', 174.95, 1000005),
(2184, '2018-08-20', 'Michael Smith', 5, 0, 'Eftpos', 'Completed', 23.45, 1000010),
(2185, '2018-08-21', 'Michael Smith', 5, 0, 'Cash', 'Completed', 124.95, 1000009),
(2186, '2018-08-21', 'Sam William', 1, 0, 'Cash', 'Completed', 24.99, 1000009),
(2187, '2018-08-21', 'Sam William', 2, 0, 'Cash', 'Completed', 75.98, 1000001),
(2188, '2018-08-22', 'James Johnson', 5, 0, 'Eftpos', 'Completed', 149.95, 1000002),
(2189, '2018-08-22', 'Michael Smith', 4, 0, 'Eftpos', 'Completed', 141.96, 1000007),
(2190, '2018-08-22', 'James Johnson', 5, 0, 'Cash', 'Completed', 64.95, 1000008),
(2191, '2018-08-22', 'Michael Smith', 4, 0, 'Eftpos', 'Completed', 59.96, 1000004),
(2192, '2018-08-23', 'Sam William', 2, 0, 'Credit Card', 'Completed', 9.38, 1000010),
(2193, '2018-08-23', 'Michael Smith', 4, 0, 'Cash', 'Completed', 18.76, 1000010),
(2194, '2018-08-23', 'Michael Smith', 3, 0, 'Credit Card', 'Completed', 106.47, 1000007),
(2195, '2018-08-23', 'Sam William', 3, 0, 'Credit Card', 'Completed', 5.97, 1000006),
(2196, '2018-08-24', 'Michael Smith', 4, 0, 'Credit Card', 'Completed', 141.96, 1000007),
(2197, '2018-08-24', 'James Johnson', 2, 0, 'Credit Card', 'Completed', 69.98, 1000005),
(2198, '2018-08-24', 'Michael Smith', 1, 0, 'Cash', 'Completed', 37.99, 1000001),
(2199, '2018-08-24', 'Michael Smith', 4, 0, 'Eftpos', 'Completed', 151.96, 1000001),
(2200, '2018-08-25', 'Michael Smith', 2, 0, 'Credit Card', 'Completed', 49.98, 1000009),
(2201, '2018-08-25', 'James Johnson', 4, 0, 'Credit Card', 'Completed', 139.96, 1000005),
(2202, '2018-08-26', 'James Johnson', 4, 0, 'Cash', 'Completed', 119.96, 1000002),
(2203, '2018-08-26', 'Michael Smith', 5, 0, 'Cash', 'Completed', 124.95, 1000009),
(2204, '2018-08-27', 'James Johnson', 3, 0, 'Credit Card', 'Completed', 5.97, 1000006),
(2205, '2018-08-27', 'Sam William', 2, 0, 'Credit Card', 'Completed', 25.98, 1000008),
(2206, '2018-08-27', 'Sam William', 2, 0, 'Credit Card', 'Completed', 49.98, 1000009),
(2207, '2018-08-27', 'James Johnson', 3, 0, 'Eftpos', 'Completed', 113.97, 1000001),
(2208, '2018-08-28', 'James Johnson', 4, 0, 'Credit Card', 'Completed', 139.96, 1000005),
(2209, '2018-08-28', 'Sam William', 2, 0, 'Credit Card', 'Completed', 49.98, 1000009),
(2210, '2018-08-29', 'James Johnson', 1, 0, 'Cash', 'Completed', 29.99, 1000002),
(2211, '2018-08-29', 'Michael Smith', 4, 0, 'Eftpos', 'Completed', 141.96, 1000007),
(2212, '2018-08-30', 'Michael Smith', 5, 0, 'Cash', 'Completed', 23.45, 1000010),
(2213, '2018-08-30', 'Michael Smith', 2, 0, 'Cash', 'Completed', 69.98, 1000005),
(2214, '2018-08-30', 'Sam William', 5, 0, 'Credit Card', 'Completed', 149.95, 1000002),
(2215, '2018-08-31', 'Sam William', 4, 0, 'Eftpos', 'Completed', 99.96, 1000009),
(2216, '2018-08-31', 'Michael Smith', 3, 0, 'Credit Card', 'Completed', 74.97, 1000003),
(2217, '2018-08-31', 'Michael Smith', 3, 0, 'Cash', 'Completed', 38.97, 1000008),
(2218, '2018-08-31', 'Michael Smith', 4, 0, 'Eftpos', 'Completed', 51.96, 1000008),
(2219, '2018-09-01', 'James Johnson', 3, 0, 'Credit Card', 'Completed', 89.97, 1000002),
(2220, '2018-09-01', 'Michael Smith', 4, 0, 'Credit Card', 'Completed', 59.96, 1000004),
(2221, '2018-09-02', 'James Johnson', 5, 0, 'Credit Card', 'Completed', 189.95, 1000001),
(2222, '2018-09-02', 'Sam William', 1, 0, 'Eftpos', 'Completed', 14.99, 1000004),
(2223, '2018-09-02', 'Sam William', 3, 0, 'Credit Card', 'Completed', 74.97, 1000003),
(2224, '2018-09-02', 'James Johnson', 3, 0, 'Credit Card', 'Completed', 113.97, 1000001),
(2225, '2018-09-03', 'James Johnson', 5, 0, 'Cash', 'Completed', 9.95, 1000006),
(2226, '2018-09-03', 'James Johnson', 4, 0, 'Eftpos', 'Completed', 99.96, 1000003),
(2227, '2018-09-04', 'James Johnson', 2, 0, 'Cash', 'Completed', 29.98, 1000004),
(2228, '2018-09-04', 'James Johnson', 5, 0, 'Eftpos', 'Completed', 149.95, 1000002),
(2229, '2018-09-04', 'James Johnson', 4, 0, 'Cash', 'Completed', 51.96, 1000008),
(2230, '2018-09-05', 'Michael Smith', 5, 0, 'Eftpos', 'Completed', 124.95, 1000003),
(2231, '2018-09-05', 'James Johnson', 2, 0, 'Cash', 'Completed', 25.98, 1000008),
(2232, '2018-09-05', 'Michael Smith', 4, 0, 'Eftpos', 'Completed', 99.96, 1000009),
(2233, '2018-09-05', 'James Johnson', 4, 0, 'Eftpos', 'Completed', 141.96, 1000007),
(2234, '2018-09-06', 'James Johnson', 5, 0, 'Cash', 'Completed', 9.95, 1000006),
(2235, '2018-09-06', 'James Johnson', 2, 0, 'Credit Card', 'Completed', 29.98, 1000004),
(2236, '2018-09-07', 'Michael Smith', 1, 0, 'Eftpos', 'Completed', 37.99, 1000001),
(2237, '2018-09-07', 'James Johnson', 3, 0, 'Cash', 'Completed', 104.97, 1000005),
(2238, '2018-09-08', 'James Johnson', 2, 0, 'Credit Card', 'Completed', 49.98, 1000003),
(2239, '2018-09-08', 'Michael Smith', 4, 0, 'Credit Card', 'Completed', 141.96, 1000007),
(2240, '2018-09-08', 'Sam William', 1, 0, 'Eftpos', 'Completed', 12.99, 1000008),
(2241, '2018-09-09', 'Sam William', 1, 0, 'Credit Card', 'Completed', 34.99, 1000005),
(2242, '2018-09-09', 'James Johnson', 5, 0, 'Cash', 'Completed', 124.95, 1000009),
(2243, '2018-09-09', 'Sam William', 3, 0, 'Eftpos', 'Completed', 74.97, 1000009),
(2244, '2018-09-10', 'Sam William', 1, 0, 'Credit Card', 'Completed', 1.99, 1000006),
(2245, '2018-09-10', 'Sam William', 4, 0, 'Cash', 'Completed', 151.96, 1000001),
(2246, '2018-09-10', 'Sam William', 4, 0, 'Cash', 'Completed', 139.96, 1000005),
(2247, '2018-09-10', 'Michael Smith', 4, 0, 'Eftpos', 'Completed', 99.96, 1000003),
(2248, '2018-09-11', 'Sam William', 3, 0, 'Credit Card', 'Completed', 14.07, 1000010),
(2249, '2018-09-11', 'Sam William', 5, 0, 'Eftpos', 'Completed', 177.45, 1000007),
(2250, '2018-09-12', 'Michael Smith', 2, 0, 'Eftpos', 'Completed', 69.98, 1000005),
(2251, '2018-09-12', 'James Johnson', 5, 0, 'Eftpos', 'Completed', 177.45, 1000007),
(2252, '2018-09-12', 'James Johnson', 4, 0, 'Cash', 'Completed', 51.96, 1000008),
(2253, '2018-09-12', 'Michael Smith', 3, 0, 'Credit Card', 'Completed', 104.97, 1000005),
(2254, '2018-09-13', 'Sam William', 3, 0, 'Cash', 'Completed', 14.07, 1000010),
(2255, '2018-09-13', 'James Johnson', 3, 0, 'Cash', 'Completed', 5.97, 1000006),
(2256, '2018-09-14', 'James Johnson', 3, 0, 'Credit Card', 'Completed', 74.97, 1000003),
(2257, '2018-09-14', 'Michael Smith', 3, 0, 'Eftpos', 'Completed', 44.97, 1000004),
(2258, '2018-09-14', 'James Johnson', 5, 0, 'Credit Card', 'Completed', 64.95, 1000008),
(2259, '2018-09-15', 'Sam William', 4, 0, 'Eftpos', 'Completed', 7.96, 1000006),
(2260, '2018-09-15', 'James Johnson', 1, 0, 'Eftpos', 'Completed', 37.99, 1000001),
(2261, '2018-09-16', 'Michael Smith', 2, 0, 'Cash', 'Completed', 3.98, 1000006),
(2262, '2018-09-16', 'Sam William', 1, 0, 'Cash', 'Completed', 1.99, 1000006),
(2263, '2018-09-17', 'James Johnson', 5, 0, 'Cash', 'Completed', 23.45, 1000010),
(2264, '2018-09-17', 'Sam William', 2, 0, 'Eftpos', 'Completed', 75.98, 1000001),
(2265, '2018-09-18', 'Sam William', 2, 0, 'Credit Card', 'Completed', 3.98, 1000006),
(2266, '2018-09-18', 'Michael Smith', 5, 0, 'Eftpos', 'Completed', 64.95, 1000008),
(2267, '2018-09-18', 'Michael Smith', 4, 0, 'Credit Card', 'Completed', 139.96, 1000005),
(2268, '2018-09-18', 'James Johnson', 1, 0, 'Eftpos', 'Completed', 12.99, 1000008),
(2269, '2018-09-19', 'Michael Smith', 3, 0, 'Credit Card', 'Completed', 113.97, 1000001),
(2270, '2018-09-19', 'Sam William', 3, 0, 'Eftpos', 'Completed', 5.97, 1000006),
(2271, '2018-09-20', 'Sam William', 4, 0, 'Cash', 'Completed', 139.96, 1000005),
(2272, '2018-09-20', 'Sam William', 1, 0, 'Eftpos', 'Completed', 35.49, 1000007),
(2273, '2018-09-20', 'Sam William', 4, 0, 'Credit Card', 'Completed', 119.96, 1000002),
(2274, '2018-09-20', 'James Johnson', 5, 0, 'Credit Card', 'Completed', 124.95, 1000003),
(2275, '2018-09-21', 'James Johnson', 3, 0, 'Credit Card', 'Completed', 89.97, 1000002),
(2276, '2018-09-21', 'Michael Smith', 1, 0, 'Credit Card', 'Completed', 12.99, 1000008),
(2277, '2018-09-21', 'Sam William', 3, 0, 'Cash', 'Completed', 14.07, 1000010),
(2278, '2018-09-22', 'Michael Smith', 2, 0, 'Credit Card', 'Completed', 3.98, 1000006),
(2279, '2018-09-22', 'Sam William', 5, 0, 'Cash', 'Completed', 177.45, 1000007),
(2280, '2018-09-23', 'James Johnson', 2, 0, 'Eftpos', 'Completed', 70.98, 1000007),
(2281, '2018-09-23', 'Michael Smith', 3, 0, 'Cash', 'Completed', 106.47, 1000007),
(2282, '2018-09-23', 'Michael Smith', 1, 0, 'Credit Card', 'Completed', 14.99, 1000004),
(2283, '2018-09-23', 'James Johnson', 2, 0, 'Credit Card', 'Completed', 69.98, 1000005),
(2284, '2018-09-24', 'Michael Smith', 1, 0, 'Credit Card', 'Completed', 4.69, 1000010),
(2285, '2018-09-24', 'James Johnson', 4, 0, 'Cash', 'Completed', 99.96, 1000003),
(2286, '2018-09-25', 'Michael Smith', 3, 0, 'Credit Card', 'Completed', 113.97, 1000001),
(2287, '2018-09-25', 'Michael Smith', 2, 0, 'Credit Card', 'Completed', 70.98, 1000007),
(2288, '2018-09-25', 'Sam William', 2, 0, 'Cash', 'Completed', 9.38, 1000010),
(2289, '2018-09-25', 'James Johnson', 2, 0, 'Credit Card', 'Completed', 9.38, 1000010),
(2290, '2018-09-26', 'Sam William', 1, 0, 'Cash', 'Completed', 12.99, 1000008),
(2291, '2018-09-26', 'James Johnson', 2, 0, 'Eftpos', 'Completed', 70.98, 1000007),
(2292, '2018-09-27', 'James Johnson', 4, 0, 'Eftpos', 'Completed', 151.96, 1000001),
(2293, '2018-09-27', 'James Johnson', 3, 0, 'Credit Card', 'Completed', 104.97, 1000005),
(2294, '2018-09-27', 'James Johnson', 1, 0, 'Eftpos', 'Completed', 12.99, 1000008),
(2295, '2018-09-28', 'Michael Smith', 5, 0, 'Credit Card', 'Completed', 177.45, 1000007),
(2296, '2018-09-28', 'Sam William', 4, 0, 'Credit Card', 'Completed', 119.96, 1000002),
(2297, '2018-09-28', 'James Johnson', 4, 0, 'Eftpos', 'Completed', 99.96, 1000009),
(2298, '2018-09-29', 'Sam William', 5, 0, 'Cash', 'Completed', 149.95, 1000002),
(2299, '2018-09-29', 'Michael Smith', 1, 0, 'Credit Card', 'Completed', 24.99, 1000003),
(2300, '2018-09-30', 'Michael Smith', 4, 0, 'Credit Card', 'Completed', 7.96, 1000006),
(2301, '2018-09-30', 'Michael Smith', 5, 0, 'Eftpos', 'Completed', 174.95, 1000005),
(2302, '2018-10-01', 'James Johnson', 3, 0, 'Credit Card', 'Completed', 89.97, 1000002),
(2303, '2018-10-01', 'Michael Smith', 5, 0, 'Credit Card', 'Completed', 124.95, 1000003),
(2304, '2018-10-02', 'James Johnson', 2, 0, 'Cash', 'Completed', 49.98, 1000009),
(2305, '2018-10-02', 'Sam William', 5, 0, 'Eftpos', 'Completed', 177.45, 1000007),
(2306, '2018-10-03', 'Michael Smith', 5, 0, 'Eftpos', 'Completed', 124.95, 1000003),
(2307, '2018-10-03', 'James Johnson', 5, 0, 'Cash', 'Completed', 174.95, 1000005),
(2308, '2018-10-03', 'Sam William', 2, 0, 'Eftpos', 'Completed', 3.98, 1000006),
(2309, '2018-10-03', 'Sam William', 4, 0, 'Cash', 'Completed', 7.96, 1000006),
(2310, '2018-10-04', 'James Johnson', 4, 0, 'Eftpos', 'Completed', 141.96, 1000007),
(2311, '2018-10-04', 'Michael Smith', 5, 0, 'Credit Card', 'Completed', 9.95, 1000006),
(2312, '2018-10-04', 'Michael Smith', 1, 0, 'Eftpos', 'Completed', 24.99, 1000009),
(2313, '2018-10-05', 'James Johnson', 5, 0, 'Cash', 'Completed', 124.95, 1000009),
(2314, '2018-10-05', 'James Johnson', 3, 0, 'Credit Card', 'Completed', 5.97, 1000006),
(2315, '2018-10-05', 'Michael Smith', 2, 0, 'Cash', 'Completed', 29.98, 1000004),
(2316, '2018-10-05', 'Sam William', 2, 0, 'Eftpos', 'Completed', 75.98, 1000001),
(2317, '2018-10-06', 'James Johnson', 3, 0, 'Credit Card', 'Completed', 14.07, 1000010),
(2318, '2018-10-06', 'Michael Smith', 1, 0, 'Eftpos', 'Completed', 24.99, 1000009),
(2319, '2018-10-06', 'Michael Smith', 1, 0, 'Credit Card', 'Completed', 4.69, 1000010),
(2320, '2018-10-06', 'James Johnson', 5, 0, 'Cash', 'Completed', 149.95, 1000002),
(2321, '2018-10-07', 'Michael Smith', 2, 0, 'Eftpos', 'Completed', 70.98, 1000007),
(2322, '2018-10-07', 'Sam William', 5, 0, 'Eftpos', 'Completed', 74.95, 1000004),
(2323, '2018-10-07', 'Michael Smith', 3, 0, 'Cash', 'Completed', 44.97, 1000004),
(2324, '2018-10-07', 'James Johnson', 2, 0, 'Cash', 'Completed', 3.98, 1000006),
(2325, '2018-10-08', 'James Johnson', 4, 0, 'Eftpos', 'Completed', 99.96, 1000009),
(2326, '2018-10-08', 'Michael Smith', 2, 0, 'Credit Card', 'Completed', 25.98, 1000008),
(2327, '2018-10-08', 'James Johnson', 1, 0, 'Eftpos', 'Completed', 4.69, 1000010),
(2328, '2018-10-09', 'Sam William', 2, 0, 'Credit Card', 'Completed', 75.98, 1000001),
(2329, '2018-10-09', 'James Johnson', 5, 0, 'Cash', 'Completed', 23.45, 1000010),
(2330, '2018-10-09', 'Sam William', 5, 0, 'Cash', 'Completed', 23.45, 1000010),
(2331, '2018-10-09', 'Sam William', 3, 0, 'Credit Card', 'Completed', 113.97, 1000001),
(2332, '2018-10-10', 'Sam William', 5, 0, 'Credit Card', 'Completed', 124.95, 1000009),
(2333, '2018-10-10', 'Sam William', 4, 0, 'Credit Card', 'Completed', 119.96, 1000002),
(2334, '2018-10-10', 'Sam William', 5, 0, 'Credit Card', 'Completed', 177.45, 1000007),
(2335, '2018-10-10', 'Sam William', 3, 0, 'Cash', 'Completed', 104.97, 1000005),
(2336, '2018-10-11', 'Michael Smith', 1, 0, 'Cash', 'Completed', 24.99, 1000003),
(2337, '2018-10-11', 'Michael Smith', 1, 0, 'Cash', 'Completed', 4.69, 1000010),
(2338, '2018-10-11', 'Sam William', 2, 0, 'Cash', 'Completed', 49.98, 1000003),
(2339, '2018-10-11', 'James Johnson', 2, 0, 'Credit Card', 'Completed', 69.98, 1000005),
(2340, '2018-10-12', 'Sam William', 4, 0, 'Eftpos', 'Completed', 151.96, 1000001),
(2341, '2018-10-12', 'Sam William', 4, 0, 'Credit Card', 'Completed', 99.96, 1000009),
(2342, '2018-10-12', 'Michael Smith', 4, 0, 'Credit Card', 'Completed', 18.76, 1000010),
(2343, '2018-10-13', 'James Johnson', 3, 0, 'Cash', 'Completed', 104.97, 1000005),
(2344, '2018-10-13', 'Michael Smith', 3, 0, 'Cash', 'Completed', 44.97, 1000004),
(2345, '2018-10-13', 'James Johnson', 4, 0, 'Eftpos', 'Completed', 7.96, 1000006),
(2346, '2018-10-13', 'James Johnson', 1, 0, 'Eftpos', 'Completed', 12.99, 1000008),
(2347, '2018-10-14', 'Michael Smith', 3, 0, 'Cash', 'Completed', 14.07, 1000010),
(2348, '2018-10-14', 'Sam William', 2, 0, 'Eftpos', 'Completed', 69.98, 1000005),
(2349, '2018-10-14', 'Michael Smith', 4, 0, 'Credit Card', 'Completed', 18.76, 1000010),
(2350, '2018-10-15', 'Michael Smith', 5, 0, 'Credit Card', 'Completed', 9.95, 1000006),
(2351, '2018-10-15', 'Sam William', 4, 0, 'Cash', 'Completed', 99.96, 1000003),
(2352, '2018-10-15', 'James Johnson', 3, 0, 'Eftpos', 'Completed', 14.07, 1000010),
(2353, '2018-10-16', 'James Johnson', 5, 0, 'Eftpos', 'Completed', 124.95, 1000009),
(2354, '2018-10-16', 'Michael Smith', 4, 0, 'Credit Card', 'Completed', 119.96, 1000002),
(2355, '2018-10-16', 'Michael Smith', 5, 0, 'Credit Card', 'Completed', 174.95, 1000005),
(2356, '2018-10-16', 'Sam William', 5, 0, 'Eftpos', 'Completed', 64.95, 1000008);

-- --------------------------------------------------------

--
-- Table structure for table `users`
--

CREATE TABLE `users` (
  `user_id` int(11) NOT NULL,
  `username` varchar(255) NOT NULL,
  `password` varchar(255) NOT NULL
) ENGINE=InnoDB DEFAULT CHARSET=latin1;

--
-- Dumping data for table `users`
--

INSERT INTO `users` (`user_id`, `username`, `password`) VALUES
(1, 'admin', '123456');

--
-- Indexes for dumped tables
--

--
-- Indexes for table `order_stock`
--
ALTER TABLE `order_stock`
  ADD PRIMARY KEY (`orders_stock_id`),
  ADD KEY `product_id` (`product_id`);

--
-- Indexes for table `product`
--
ALTER TABLE `product`
  ADD PRIMARY KEY (`product_id`);

--
-- Indexes for table `sale`
--
ALTER TABLE `sale`
  ADD PRIMARY KEY (`sale_id`),
  ADD KEY `product_ids` (`product_id`);

--
-- Indexes for table `users`
--
ALTER TABLE `users`
  ADD PRIMARY KEY (`user_id`);

--
-- AUTO_INCREMENT for dumped tables
--

--
-- AUTO_INCREMENT for table `order_stock`
--
ALTER TABLE `order_stock`
  MODIFY `orders_stock_id` int(11) NOT NULL AUTO_INCREMENT, AUTO_INCREMENT=38;

--
-- AUTO_INCREMENT for table `product`
--
ALTER TABLE `product`
  MODIFY `product_id` int(11) NOT NULL AUTO_INCREMENT, AUTO_INCREMENT=1000011;

--
-- AUTO_INCREMENT for table `sale`
--
ALTER TABLE `sale`
  MODIFY `sale_id` int(11) NOT NULL AUTO_INCREMENT, AUTO_INCREMENT=2357;

--
-- AUTO_INCREMENT for table `users`
--
ALTER TABLE `users`
  MODIFY `user_id` int(11) NOT NULL AUTO_INCREMENT, AUTO_INCREMENT=2;

--
-- Constraints for dumped tables
--

--
-- Constraints for table `order_stock`
--
ALTER TABLE `order_stock`
  ADD CONSTRAINT `product_id` FOREIGN KEY (`product_id`) REFERENCES `product` (`product_id`) ON DELETE CASCADE;

--
-- Constraints for table `sale`
--
ALTER TABLE `sale`
  ADD CONSTRAINT `product_ids` FOREIGN KEY (`product_id`) REFERENCES `product` (`product_id`) ON DELETE NO ACTION;
COMMIT;

/*!40101 SET CHARACTER_SET_CLIENT=@OLD_CHARACTER_SET_CLIENT */;
/*!40101 SET CHARACTER_SET_RESULTS=@OLD_CHARACTER_SET_RESULTS */;
/*!40101 SET COLLATION_CONNECTION=@OLD_COLLATION_CONNECTION */;
